Date,SHY,IEF,TLT
2010-01-04,65.03821563720703,60.71365737915039,55.070831298828125
2010-01-05,65.11656188964844,60.98029708862305,55.426490783691406
2010-01-06,65.12437438964844,60.734195709228516,54.68452453613281
2010-01-07,65.10871124267578,60.734195709228516,54.7764778137207
2010-01-08,65.17131805419922,60.80937194824219,54.751956939697266
2010-01-11,65.20269012451172,60.85040283203125,54.45148849487305
2010-01-12,65.25748443603516,61.287872314453125,55.38353729248047
2010-01-13,65.20269012451172,60.99399185180664,54.73972702026367
2010-01-14,65.26524353027344,61.281063079833984,55.50615692138672
2010-01-15,65.320068359375,61.554466247558594,55.849578857421875
2010-01-19,65.33576202392578,61.44508743286133,55.690147399902344
2010-01-20,65.33576202392578,61.6569938659668,56.25423812866211
2010-01-21,65.3906021118164,61.8825569152832,56.51179504394531
2010-01-22,65.44537353515625,61.9372444152832,56.41374206542969
2010-01-25,65.3906021118164,61.8005256652832,56.156158447265625
2010-01-26,65.39839172363281,61.9235954284668,56.1745491027832
2010-01-27,65.37486267089844,61.78007888793945,56.143917083740234
2010-01-28,65.40619659423828,61.75959014892578,56.113243103027344
2010-01-29,65.4688949584961,61.998775482177734,56.60377883911133
2010-02-01,65.44061279296875,61.78616714477539,56.089927673339844
2010-02-02,65.44844818115234,61.8890495300293,56.24998474121094
2010-02-03,65.40142059326172,61.594112396240234,55.59768295288086
2010-02-04,65.49551391601562,62.101715087890625,56.47764205932617
2010-02-05,65.59735107421875,62.300533294677734,56.600711822509766
2010-02-08,65.55033111572266,62.245704650878906,56.67458724975586
2010-02-09,65.48764038085938,61.90964126586914,56.10846710205078
2010-02-10,65.4170913696289,61.73814392089844,55.57306671142578
2010-02-11,65.44061279296875,61.66277313232422,55.27154541015625
2010-02-12,65.49551391601562,61.80672073364258,55.49922561645508
2010-02-16,65.50334167480469,61.943939208984375,55.603878021240234
2010-02-17,65.44844818115234,61.61470413208008,54.97002410888672
2010-02-18,65.4093246459961,61.39528274536133,54.74850845336914
2010-02-19,65.3857650756836,61.429534912109375,55.04384994506836
2010-02-22,65.4093246459961,61.381534576416016,54.816158294677734
2010-02-23,65.4641342163086,61.84788131713867,55.67150115966797
2010-02-24,65.49551391601562,61.88218688964844,55.80690002441406
2010-02-25,65.55033111572266,62.10853958129883,56.12074279785156
2010-02-26,65.57389068603516,62.20452117919922,56.40998458862305
2010-03-01,65.56207275390625,62.269187927246094,56.38528060913086
2010-03-02,65.56207275390625,62.303592681884766,56.311187744140625
2010-03-03,65.55425262451172,62.24166488647461,56.16923141479492
2010-03-04,65.53068542480469,62.351715087890625,56.46552658081055
2010-03-05,65.4758071899414,62.05596923828125,55.7247200012207
2010-03-08,65.44445037841797,61.89096450805664,55.43457794189453
2010-03-09,65.49153137207031,62.04911422729492,55.446956634521484
2010-03-10,65.4758071899414,61.94596862792969,55.304969787597656
2010-03-11,65.39733123779297,61.89096450805664,55.508663177490234
2010-03-12,65.40522766113281,61.98723602294922,55.85441207885742
2010-03-15,65.42877960205078,61.98723602294922,55.78034973144531
2010-03-16,65.44445037841797,62.2279052734375,56.224761962890625
2010-03-17,65.46009063720703,62.303592681884766,56.46552658081055
2010-03-18,65.42085266113281,62.138511657714844,56.28033447265625
2010-03-19,65.37383270263672,62.05596923828125,56.335853576660156
2010-03-22,65.39733123779297,62.2623176574707,56.39757537841797
2010-03-23,65.37383270263672,62.13166427612305,56.13214111328125
2010-03-24,65.27189636230469,61.51273727416992,55.10743713378906
2010-03-25,65.29540252685547,61.285804748535156,54.75558090209961
2010-03-26,65.33464050292969,61.43023681640625,54.909912109375
2010-03-29,65.36599731445312,61.340797424316406,54.699989318847656
2010-03-30,65.35030364990234,61.40268325805664,54.872859954833984
2010-03-31,65.39733123779297,61.547096252441406,55.24943542480469
2010-04-01,65.37382507324219,61.41950607299805,55.11436462402344
2010-04-05,65.1932373046875,60.86780548095703,54.19728469848633
2010-04-06,65.24037170410156,61.04716110229492,54.28404235839844
2010-04-07,65.3424301147461,61.426456451416016,54.97801971435547
2010-04-08,65.32669830322266,61.357444763183594,55.0028190612793
2010-04-09,65.3424301147461,61.426456451416016,55.13295364379883
2010-04-12,65.37382507324219,61.591922760009766,55.42414474487305
2010-04-13,65.35810852050781,61.70915985107422,55.60385513305664
2010-04-14,65.35810852050781,61.54364776611328,55.213443756103516
2010-04-15,65.40525817871094,61.64714431762695,55.27544403076172
2010-04-16,65.50730895996094,62.019561767578125,55.678184509277344
2010-04-19,65.44450378417969,61.86781311035156,55.5418586730957
2010-04-20,65.45233154296875,61.8953857421875,55.74011993408203
2010-04-21,65.4601821899414,62.095367431640625,56.19866943359375
2010-04-22,65.4130859375,61.95054626464844,56.03133773803711
2010-04-23,65.3895263671875,61.77812576293945,55.83306884765625
2010-04-26,65.3895263671875,61.81951141357422,55.895023345947266
2010-04-27,65.51509094238281,62.39884567260742,56.68198013305664
2010-04-28,65.49945068359375,62.081642150878906,56.19866943359375
2010-04-29,65.51509094238281,62.1850471496582,56.434139251708984
2010-04-30,65.59365844726562,62.564334869384766,57.08467483520508
2010-05-03,65.52925109863281,62.400386810302734,57.01007843017578
2010-05-04,65.56854248046875,62.82232666015625,58.03600311279297
2010-05-05,65.65498352050781,63.0644416809082,58.37798309326172
2010-05-06,65.79644775390625,63.756160736083984,60.181121826171875
2010-05-07,65.77288055419922,63.58324432373047,59.428749084472656
2010-05-10,65.68639373779297,63.09900665283203,58.19768142700195
2010-05-11,65.72571563720703,63.175106048583984,58.04841232299805
2010-05-12,65.7099380493164,63.016021728515625,57.60696029663086
2010-05-13,65.74922943115234,63.1889533996582,57.98628616333008
2010-05-14,65.83564758300781,63.59709167480469,58.9935302734375
2010-05-17,65.81214141845703,63.4587287902832,58.77589416503906
2010-05-18,65.88289642333984,63.92216110229492,59.677490234375
2010-05-19,65.85140228271484,63.97749710083008,59.87646484375
2010-05-20,65.92996978759766,64.60008239746094,61.13866424560547
2010-05-21,65.88289642333984,64.6346435546875,61.20081329345703
2010-05-24,65.87506103515625,64.6346435546875,60.989376068115234
2010-05-25,65.86712646484375,64.85601806640625,61.287841796875
2010-05-26,65.81214141845703,64.7246322631836,61.11375045776367
2010-05-27,65.76500701904297,64.10894012451172,59.727210998535156
2010-05-28,65.8907699584961,64.39945983886719,60.000762939453125
2010-06-01,65.8914794921875,64.48271942138672,60.42255401611328
2010-06-02,65.84432983398438,64.11511993408203,59.848567962646484
2010-06-03,65.82859802246094,64.02493286132812,59.41184616088867
2010-06-04,65.97804260253906,64.91277313232422,61.008995056152344
2010-06-07,65.95446014404297,65.17638397216797,61.47687530517578
2010-06-08,65.94661712646484,64.97522735595703,61.17120361328125
2010-06-09,65.95446014404297,64.98213195800781,61.10258865356445
2010-06-10,65.86790466308594,64.37862396240234,60.01072692871094
2010-06-11,65.93872833251953,64.7879409790039,60.771934509277344
2010-06-14,65.95446014404297,64.73242950439453,60.46000671386719
2010-06-15,65.92293548583984,64.53124237060547,60.2104377746582
2010-06-16,65.93872833251953,64.7116470336914,60.553585052490234
2010-06-17,65.97804260253906,65.016845703125,61.046417236328125
2010-06-18,65.98587799072266,64.88502502441406,60.946598052978516
2010-06-21,65.9937744140625,64.83648681640625,60.771934509277344
2010-06-22,66.02526092529297,65.22494506835938,61.49559020996094
2010-06-23,66.07247161865234,65.46770477294922,61.913612365722656
2010-06-24,66.08818817138672,65.4122314453125,61.545536041259766
2010-06-25,66.1117935180664,65.51628112792969,61.79508590698242
2010-06-28,66.15110778808594,65.98101806640625,62.375308990478516
2010-06-29,66.18257904052734,66.26539611816406,63.05527114868164
2010-06-30,66.16681671142578,66.3625717163086,63.479515075683594
2010-07-01,66.1456069946289,66.33332061767578,63.57963943481445
2010-07-02,66.1456069946289,66.21508026123047,63.072784423828125
2010-07-06,66.1456069946289,66.37505340576172,63.59221649169922
2010-07-07,66.1377182006836,66.1664810180664,62.84747314453125
2010-07-08,66.1456069946289,66.00646209716797,62.44704055786133
2010-07-09,66.1219711303711,65.83260345458984,62.09027862548828
2010-07-12,66.12985229492188,65.9438705444336,62.06527328491211
2010-07-13,66.08258819580078,65.61701965332031,61.533390045166016
2010-07-14,66.15343475341797,65.9438705444336,62.15289306640625
2010-07-15,66.16918182373047,66.28465270996094,62.772377014160156
2010-07-16,66.23219299316406,66.66717529296875,63.07907485961914
2010-07-19,66.20857238769531,66.4933090209961,62.6910285949707
2010-07-20,66.23219299316406,66.56282043457031,62.78486633300781
2010-07-21,66.263671875,66.987060546875,63.848758697509766
2010-07-22,66.24004364013672,66.61845397949219,63.11032485961914
2010-07-23,66.20857238769531,66.40290832519531,62.44072723388672
2010-07-26,66.1849136352539,66.38199615478516,62.33434295654297
2010-07-27,66.1456069946289,66.15249633789062,61.733612060546875
2010-07-28,66.20857238769531,66.43762969970703,61.933868408203125
2010-07-29,66.263671875,66.5767593383789,61.91510772705078
2010-07-30,66.29515838623047,66.9662094116211,62.878780364990234
2010-08-02,66.28022003173828,66.75908660888672,61.996097564697266
2010-08-03,66.327392578125,67.0728759765625,62.35391616821289
2010-08-04,66.27224731445312,66.79396057128906,61.87678146362305
2010-08-05,66.3510971069336,67.11471557617188,62.16559600830078
2010-08-06,66.36685180664062,67.55396270751953,62.84365463256836
2010-08-09,66.327392578125,67.54006958007812,62.611328125
2010-08-10,66.35892486572266,67.8817367553711,62.74319839477539
2010-08-11,66.37474822998047,68.26526641845703,63.58448028564453
2010-08-12,66.35892486572266,68.0909652709961,63.427486419677734
2010-08-13,66.3510971069336,68.38384246826172,64.21854400634766
2010-08-16,66.41413116455078,68.87886810302734,65.82571411132812
2010-08-17,66.39837646484375,68.53024291992188,65.44903564453125
2010-08-18,66.41413116455078,68.46048736572266,65.6248550415039
2010-08-19,66.42987823486328,68.76731872558594,66.64817810058594
2010-08-20,66.40619659423828,68.54418182373047,66.57283782958984
2010-08-23,66.41413116455078,68.63482666015625,66.58537292480469
2010-08-24,66.46141815185547,69.17871856689453,67.65260314941406
2010-08-25,66.39837646484375,68.86491394042969,67.43286895751953
2010-08-26,66.39837646484375,69.17871856689453,68.06700897216797
2010-08-27,66.3510971069336,68.38384246826172,66.1396713256836
2010-08-30,66.42987823486328,68.9067611694336,67.40779113769531
2010-08-31,66.45352172851562,69.21357727050781,68.15487670898438
2010-09-01,66.41410064697266,68.71517181396484,66.74568939208984
2010-09-02,66.3983383178711,68.42858123779297,66.04048156738281
2010-09-03,66.36679077148438,68.03712463378906,65.22184753417969
2010-09-07,66.4377212524414,68.57538604736328,66.55680084228516
2010-09-08,66.39042663574219,68.38664245605469,66.02788543701172
2010-09-09,66.3194808959961,67.84838104248047,64.72442626953125
2010-09-10,66.31161499023438,67.65263366699219,64.4284896850586
2010-09-13,66.36679077148438,67.97422790527344,64.74332427978516
2010-09-14,66.41410064697266,68.31673431396484,65.36670684814453
2010-09-15,66.42985534667969,68.07903289794922,64.39700317382812
2010-09-16,66.44560241699219,67.84137725830078,63.76100158691406
2010-09-17,66.46141815185547,67.99517822265625,64.0191421508789
2010-09-20,66.4693374633789,68.20486450195312,64.39070892333984
2010-09-21,66.51663208007812,68.84098052978516,65.28482818603516
2010-09-22,66.50873565673828,68.94588470458984,65.8703842163086
2010-09-23,66.51663208007812,69.0437240600586,66.05934143066406
2010-09-24,66.50873565673828,68.70117950439453,65.17146301269531
2010-09-27,66.52448272705078,69.23249053955078,66.30494689941406
2010-09-28,66.54027557373047,69.46315002441406,66.75820922851562
2010-09-29,66.52448272705078,69.2953872680664,66.4812240600586
2010-09-30,66.53239440917969,69.21150970458984,66.43711853027344
2010-10-01,66.54420471191406,69.24864959716797,66.11607360839844
2010-10-04,66.55207824707031,69.49388122558594,66.28670501708984
2010-10-05,66.58367156982422,69.50787353515625,65.88854217529297
2010-10-06,66.59156799316406,69.9563217163086,66.71644592285156
2010-10-07,66.64683532714844,70.02635192871094,66.1603012084961
2010-10-08,66.64683532714844,70.05440521240234,65.86957550048828
2010-10-11,66.65467834472656,70.12447357177734,65.88221740722656
2010-10-12,66.6073989868164,69.92130279541016,65.23120880126953
2010-10-13,66.61520385742188,69.92130279541016,65.13008117675781
2010-10-14,66.58367156982422,69.52195739746094,64.15681457519531
2010-10-15,66.6073989868164,69.22058868408203,63.373043060302734
2010-10-18,66.62316131591797,69.54993438720703,63.88500213623047
2010-10-19,66.65467834472656,69.78820037841797,64.27059173583984
2010-10-20,66.66259002685547,69.74610900878906,64.40959167480469
2010-10-21,66.67046356201172,69.36074829101562,63.64482498168945
2010-10-22,66.65467834472656,69.38178253173828,64.07459259033203
2010-10-25,66.67046356201172,69.36074829101562,64.25785827636719
2010-10-26,66.6073989868164,68.89830017089844,63.26567459106445
2010-10-27,66.57576751708984,68.49894714355469,62.70941162109375
2010-10-28,66.66259002685547,68.89830017089844,62.88011932373047
2010-10-29,66.67842102050781,69.20658111572266,63.46786880493164
2010-11-01,66.7076187133789,69.09066009521484,63.194576263427734
2010-11-02,66.66808319091797,69.32247161865234,64.02519989013672
2010-11-03,66.69184875488281,69.5472412109375,62.71902847290039
2010-11-04,66.7076187133789,70.1091079711914,63.20726013183594
2010-11-05,66.65234375,69.81410217285156,62.12306594848633
2010-11-08,66.62076568603516,69.83521270751953,62.40203094482422
2010-11-09,66.53384399414062,69.24524688720703,61.026214599609375
2010-11-10,66.57337188720703,69.50508880615234,61.108619689941406
2010-11-11,66.470703125,69.42781829833984,61.07693862915039
2010-11-12,66.470703125,68.85186767578125,60.74721145629883
2010-11-15,66.43113708496094,67.9669189453125,59.47917175292969
2010-11-16,66.46275329589844,68.47261047363281,60.95643615722656
2010-11-17,66.50223541259766,68.27595520019531,60.620391845703125
2010-11-18,66.5101547241211,68.11445617675781,60.867698669433594
2010-11-19,66.470703125,68.25495147705078,61.241729736328125
2010-11-22,66.53384399414062,68.62014770507812,61.501739501953125
2010-11-23,66.57337188720703,68.7605972290039,61.80610275268555
2010-11-24,66.45482635498047,68.02305603027344,60.702816009521484
2010-11-26,66.50223541259766,68.3180923461914,61.54608917236328
2010-11-29,66.4943618774414,68.4655990600586,62.072357177734375
2010-11-30,66.54176330566406,68.58499908447266,62.395713806152344
2010-12-01,66.44217681884766,67.68307495117188,61.008758544921875
2010-12-02,66.44217681884766,67.51405334472656,60.84967041015625
2010-12-03,66.52912139892578,67.52116394042969,60.37248611450195
2010-12-06,66.56861877441406,67.94355010986328,61.22505187988281
2010-12-07,66.45010375976562,66.81708526611328,59.91441345214844
2010-12-08,66.34730529785156,66.24671936035156,59.33543395996094
2010-12-09,66.33939361572266,66.38756561279297,59.628116607666016
2010-12-10,66.315673828125,65.82429504394531,59.26544952392578
2010-12-13,66.35519409179688,66.0355453491211,59.488101959228516
2010-12-14,66.32362365722656,65.33854675292969,58.62284851074219
2010-12-15,66.29989624023438,65.0709457397461,57.85938262939453
2010-12-16,66.315673828125,65.45817565917969,58.26019287109375
2010-12-17,66.37104797363281,66.0215072631836,59.32271957397461
2010-12-20,66.38681030273438,66.01435089111328,59.25909423828125
2010-12-21,66.37104797363281,66.15522003173828,59.67259979248047
2010-12-22,66.35519409179688,65.97218322753906,59.24634552001953
2010-12-23,66.26827239990234,65.73979949951172,59.12551498413086
2010-12-27,66.30782318115234,65.9932861328125,59.65358352661133
2010-12-28,66.21923065185547,65.30001068115234,58.4852180480957
2010-12-29,66.3774185180664,66.03430938720703,59.47481155395508
2010-12-30,66.35367584228516,65.90009307861328,59.430084228515625
2010-12-31,66.43276977539062,66.23190307617188,60.08769226074219
2011-01-03,66.41696166992188,66.02717590332031,59.63436508178711
2011-01-04,66.40116882324219,66.18254852294922,59.70457077026367
2011-01-05,66.28242492675781,65.46946716308594,58.38947296142578
2011-01-06,66.35367584228516,65.80836486816406,58.64482116699219
2011-01-07,66.44859313964844,66.24600219726562,58.95769500732422
2011-01-10,66.48020935058594,66.47188568115234,59.27689743041992
2011-01-11,66.440673828125,66.21072387695312,58.94490051269531
2011-01-12,66.440673828125,66.02011108398438,58.4852180480957
2011-01-13,66.46439361572266,66.46487426757812,59.00872802734375
2011-01-14,66.46439361572266,66.28133392333984,58.632083892822266
2011-01-18,66.44859313964844,66.11895751953125,58.35759353637695
2011-01-19,66.48020935058594,66.28836822509766,58.7789306640625
2011-01-20,66.4090347290039,65.77304077148438,57.9681282043457
2011-01-21,66.4248275756836,65.99191284179688,58.427791595458984
2011-01-24,66.41696166992188,65.99891662597656,58.45328903198242
2011-01-25,66.46439361572266,66.33072662353516,59.00872802734375
2011-01-26,66.44859313964844,65.9283447265625,58.11494445800781
2011-01-27,66.49608612060547,66.17540740966797,58.37670135498047
2011-01-28,66.52771759033203,66.47899627685547,58.68315887451172
2011-01-31,66.51976776123047,66.21782684326172,58.236244201660156
2011-02-01,66.44696807861328,65.90995025634766,57.947959899902344
2011-02-02,66.4073715209961,65.7542724609375,57.960750579833984
2011-02-03,66.34403228759766,65.3791275024414,57.48025131225586
2011-02-04,66.28858184814453,64.97573852539062,56.897274017333984
2011-02-07,66.25692749023438,64.9473876953125,57.19194030761719
2011-02-08,66.1698226928711,64.5015640258789,56.6666374206543
2011-02-09,66.21732330322266,64.86956787109375,57.15995407104492
2011-02-10,66.18569946289062,64.65724182128906,56.500091552734375
2011-02-11,66.18569946289062,64.95443725585938,57.31370544433594
2011-02-14,66.18569946289062,64.97573852539062,57.3521614074707
2011-02-15,66.21732330322266,65.12435150146484,57.608421325683594
2011-02-16,66.20948028564453,65.03236389160156,57.4226188659668
2011-02-17,66.28858184814453,65.27296447753906,57.5123176574707
2011-02-18,66.3123779296875,65.25882720947266,57.33290481567383
2011-02-22,66.3836441040039,65.88865661621094,58.19141387939453
2011-02-23,66.36775970458984,65.72592163085938,58.40285110473633
2011-02-24,66.39942932128906,65.89580535888672,58.774417877197266
2011-02-25,66.41529846191406,66.1080551147461,59.12038040161133
2011-02-28,66.43903350830078,66.0797348022461,59.197261810302734
2011-03-01,66.47943115234375,66.15494537353516,59.36893844604492
2011-03-02,66.44776153564453,65.80738067626953,58.4561767578125
2011-03-03,66.3130874633789,65.3604736328125,57.8841667175293
2011-03-04,66.46356201171875,65.82868194580078,58.36623764038086
2011-03-07,66.41609191894531,65.66554260253906,57.993446350097656
2011-03-08,66.39226531982422,65.50945281982422,57.63992691040039
2011-03-09,66.43976593017578,65.89247131347656,58.199100494384766
2011-03-10,66.5111312866211,66.452880859375,59.17605972290039
2011-03-11,66.51902770996094,66.2968521118164,58.841793060302734
2011-03-14,66.55866241455078,66.44580841064453,58.81611633300781
2011-03-15,66.52699279785156,66.68698120117188,59.69667053222656
2011-03-16,66.64582824707031,67.25447845458984,60.37150573730469
2011-03-17,66.61408233642578,67.04876708984375,59.908775329589844
2011-03-18,66.58243560791016,67.00615692138672,60.0694694519043
2011-03-21,66.5111312866211,66.65858459472656,59.71592330932617
2011-03-22,66.49527740478516,66.6941146850586,59.915199279785156
2011-03-23,66.5031967163086,66.60899353027344,59.83806610107422
2011-03-24,66.45569610595703,66.26849365234375,59.38815689086914
2011-03-25,66.4081039428711,66.09110260009766,59.2403564453125
2011-03-28,66.3764419555664,66.11235046386719,59.32392120361328
2011-03-29,66.35272979736328,65.9208755493164,58.8675422668457
2011-03-30,66.39226531982422,66.14788818359375,59.33672332763672
2011-03-31,66.35272979736328,65.97758483886719,59.21463394165039
2011-04-01,66.40582275390625,66.11844635009766,59.502445220947266
2011-04-04,66.42166900634766,66.26778411865234,59.56696701049805
2011-04-05,66.35029602050781,65.93350982666016,59.32819366455078
2011-04-06,66.35029602050781,65.64904022216797,58.437522888183594
2011-04-07,66.39785766601562,65.65614318847656,58.32133102416992
2011-04-08,66.37403106689453,65.46409606933594,58.01150131225586
2011-04-11,66.36618041992188,65.54949188232422,58.063175201416016
2011-04-12,66.47713470458984,65.9193115234375,58.68922424316406
2011-04-13,66.50886535644531,66.17534637451172,59.05712890625
2011-04-14,66.4454345703125,65.95487213134766,59.011924743652344
2011-04-15,66.57234954833984,66.43852233886719,59.81230926513672
2011-04-18,66.58815002441406,66.60212707519531,59.947811126708984
2011-04-19,66.6040267944336,66.68742370605469,60.205955505371094
2011-04-20,66.59613800048828,66.42427062988281,59.81877136230469
2011-04-21,66.58023071289062,66.47410583496094,59.76705551147461
2011-04-25,66.58815002441406,66.70881652832031,59.993011474609375
2011-04-26,66.65158081054688,66.99331665039062,60.57392883300781
2011-04-27,66.6754150390625,66.8012466430664,59.95427703857422
2011-04-28,66.6754150390625,67.05731964111328,60.41250991821289
2011-04-29,66.70709991455078,67.19245147705078,60.59968566894531
2011-05-02,66.69599914550781,67.17179870605469,60.69694900512695
2011-05-03,66.71979522705078,67.35001373291016,61.04049301147461
2011-05-04,66.75153350830078,67.5211181640625,61.312713623046875
2011-05-05,66.76741790771484,67.85628509521484,61.89610290527344
2011-05-06,66.77532958984375,67.89199829101562,61.62388229370117
2011-05-09,66.80715942382812,67.99181365966797,61.55904006958008
2011-05-10,66.74356079101562,67.66381072998047,61.11827087402344
2011-05-11,66.80715942382812,67.90620422363281,61.46828842163086
2011-05-12,66.77532958984375,67.75655364990234,61.07937240600586
2011-05-13,66.80715942382812,68.02029418945312,61.63038635253906
2011-05-16,66.83879852294922,68.18435668945312,61.973899841308594
2011-05-17,66.84677124023438,68.384033203125,62.60908508300781
2011-05-18,66.81507110595703,67.99181365966797,61.7794303894043
2011-05-19,66.82295989990234,68.06314086914062,61.75349044799805
2011-05-20,66.84677124023438,68.22716522216797,61.785888671875
2011-05-23,66.85465240478516,68.31980895996094,62.08405303955078
2011-05-24,66.85465240478516,68.39118194580078,62.3173828125
2011-05-25,66.88641357421875,68.39827728271484,62.02573776245117
2011-05-26,66.92605590820312,68.77613830566406,62.557273864746094
2011-05-27,66.94994354248047,68.76901245117188,62.53132247924805
2011-05-31,66.94994354248047,68.87602996826172,62.673919677734375
2011-06-01,66.99440002441406,69.44358825683594,63.52098083496094
2011-06-02,66.95466613769531,69.02903747558594,62.3109016418457
2011-06-03,66.9784927368164,69.30069732666016,62.66867446899414
2011-06-06,66.9864730834961,69.25778198242188,62.19382858276367
2011-06-07,67.03406524658203,69.38648986816406,62.48006820678711
2011-06-08,67.04206848144531,69.53653717041016,62.96798324584961
2011-06-09,66.97056579589844,69.25778198242188,62.714210510253906
2011-06-10,67.02615356445312,69.47938537597656,63.19570541381836
2011-06-13,67.0023422241211,69.32929992675781,62.87689208984375
2011-06-14,66.9467544555664,68.77881622314453,61.92707061767578
2011-06-15,67.04206848144531,69.52225494384766,63.0526123046875
2011-06-16,67.04999542236328,69.71527099609375,63.33882522583008
2011-06-17,67.0658950805664,69.66525268554688,63.0395622253418
2011-06-20,67.0658950805664,69.55803680419922,63.117645263671875
2011-06-21,67.07378387451172,69.46510314941406,62.837852478027344
2011-06-22,67.05794525146484,69.43655395507812,62.87689208984375
2011-06-23,67.09764862060547,69.80109405517578,63.35833740234375
2011-06-24,67.13731384277344,70.0942153930664,63.091617584228516
2011-06-27,67.07378387451172,69.82252502441406,62.22633743286133
2011-06-28,66.95466613769531,69.17914581298828,61.72539138793945
2011-06-29,66.95466613769531,68.76445007324219,61.315528869628906
2011-06-30,66.9467544555664,68.52861022949219,61.217952728271484
2011-07-01,66.92366027832031,68.3572769165039,61.120033264160156
2011-07-05,67.00315856933594,68.78732299804688,61.257118225097656
2011-07-06,67.02699279785156,68.90914154052734,61.57046127319336
2011-07-07,66.96343231201172,68.64396667480469,61.38770294189453
2011-07-08,67.05876159667969,69.3748779296875,62.25593185424805
2011-07-11,67.10649871826172,69.90518951416016,63.18937683105469
2011-07-12,67.09848022460938,70.00559997558594,63.40477752685547
2011-07-13,67.11445617675781,70.12014770507812,63.58100509643555
2011-07-14,67.09060668945312,69.7188720703125,62.67364501953125
2011-07-15,67.10649871826172,70.00559997558594,62.77812576293945
2011-07-18,67.10649871826172,69.96250915527344,62.1710090637207
2011-07-19,67.10649871826172,70.22765350341797,63.46349334716797
2011-07-20,67.08265686035156,69.8836669921875,62.712825775146484
2011-07-21,67.05084228515625,69.49673461914062,62.22975540161133
2011-07-22,67.05876159667969,69.7618637084961,62.6998291015625
2011-07-25,67.02699279785156,69.53974151611328,62.014366149902344
2011-07-26,67.06681823730469,69.8335189819336,62.43867492675781
2011-07-27,67.02699279785156,69.7188720703125,62.44524002075195
2011-07-28,67.06681823730469,69.85501098632812,62.68021774291992
2011-07-29,67.13825988769531,70.70062255859375,63.9205322265625
2011-08-01,67.11528015136719,70.95779418945312,64.56563568115234
2011-08-02,67.20269775390625,71.61149597167969,66.5042953491211
2011-08-03,67.19477081298828,71.66893005371094,66.63528442382812
2011-08-04,67.2583236694336,72.61717987060547,69.0062484741211
2011-08-05,67.24242401123047,71.77669525146484,67.01514434814453
2011-08-08,67.26629638671875,72.91889953613281,69.13064575195312
2011-08-09,67.3379135131836,73.34269714355469,69.34021759033203
2011-08-10,67.38556671142578,74.31244659423828,71.40335845947266
2011-08-11,67.36968994140625,73.22056579589844,67.80111694335938
2011-08-12,67.3776626586914,73.73060607910156,69.14376831054688
2011-08-15,67.353759765625,73.45764923095703,68.44300079345703
2011-08-16,67.353759765625,73.79524993896484,69.5760269165039
2011-08-17,67.36968994140625,74.31244659423828,70.7942886352539
2011-08-18,67.36174774169922,74.70032501220703,72.24829864501953
2011-08-19,67.36174774169922,74.77938842773438,72.83114624023438
2011-08-22,67.353759765625,74.64291381835938,72.64776611328125
2011-08-23,67.32198333740234,74.34115600585938,71.64567565917969
2011-08-24,67.32198333740234,73.54383087158203,69.6087875366211
2011-08-25,67.36174774169922,73.99638366699219,70.3619613647461
2011-08-26,67.36968994140625,74.23342895507812,71.05623626708984
2011-08-29,67.353759765625,73.74501037597656,70.07377624511719
2011-08-30,67.36968994140625,74.25498962402344,71.2003173828125
2011-08-31,67.36968994140625,73.98921966552734,70.09996032714844
2011-09-01,67.38880157470703,74.57886505126953,71.58599090576172
2011-09-02,67.35697937011719,75.2627944946289,73.91154479980469
2011-09-06,67.36494445800781,75.36356353759766,74.68012237548828
2011-09-07,67.3489990234375,74.96036529541016,73.25460815429688
2011-09-08,67.3729248046875,75.32760620117188,73.91154479980469
2011-09-09,67.39678955078125,75.69479370117188,74.6998291015625
2011-09-12,67.3489990234375,75.46435546875,74.7787094116211
2011-09-13,67.35697937011719,75.24116516113281,73.71446228027344
2011-09-14,67.35697937011719,75.28436279296875,74.33855438232422
2011-09-15,67.36494445800781,74.7228012084961,73.2020263671875
2011-09-16,67.38085174560547,74.86681365966797,73.73413848876953
2011-09-19,67.41265869140625,75.47872161865234,75.1399917602539
2011-09-20,67.38085174560547,75.5795669555664,75.45531463623047
2011-09-21,67.30925750732422,75.90348815917969,77.95169830322266
2011-09-22,67.31717681884766,76.60912322998047,80.88157653808594
2011-09-23,67.32512664794922,75.97550201416016,79.37720489501953
2011-09-26,67.3012466430664,75.65873718261719,78.102783203125
2011-09-27,67.27735137939453,75.15481567382812,76.9071273803711
2011-09-28,67.25350952148438,75.16915893554688,76.88081359863281
2011-09-29,67.2694320678711,75.16915893554688,77.41299438476562
2011-09-30,67.3012466430664,75.64434814453125,79.35753631591797
2011-10-03,67.3163833618164,76.34477996826172,81.54144287109375
2011-10-04,67.2765884399414,75.95526123046875,80.50745391845703
2011-10-05,67.2765884399414,75.63787078857422,79.92784881591797
2011-10-06,67.26065826416016,75.11121368408203,78.4525146484375
2011-10-07,67.2367935180664,74.72171783447266,77.87303161621094
2011-10-10,67.1810302734375,73.93536376953125,76.77316284179688
2011-10-11,67.21288299560547,74.1806411743164,76.51627349853516
2011-10-12,67.21288299560547,73.9281997680664,75.40324401855469
2011-10-13,67.228759765625,74.22395324707031,76.15411376953125
2011-10-14,67.26065826416016,73.85601806640625,75.047607421875
2011-10-17,67.26862335205078,74.33936309814453,76.34508514404297
2011-10-18,67.26862335205078,74.26001739501953,75.87081909179688
2011-10-19,67.2925033569336,74.37543487548828,75.84451293945312
2011-10-20,67.30044555664062,74.22395324707031,75.30445861816406
2011-10-21,67.2765884399414,74.0868911743164,74.5075454711914
2011-10-24,67.2765884399414,74.05083465576172,74.6326675415039
2011-10-25,67.3163833618164,74.68562316894531,76.52947235107422
2011-10-26,67.2765884399414,74.13733673095703,75.1925048828125
2011-10-27,67.228759765625,73.24281311035156,72.64373016357422
2011-10-28,67.26065826416016,73.68287658691406,73.40769958496094
2011-10-31,67.3243637084961,74.67121887207031,76.31871032714844
2011-11-01,67.33072662353516,75.56681060791016,78.8734359741211
2011-11-02,67.34667205810547,75.38609313964844,77.88955688476562
2011-11-03,67.35462188720703,75.03192901611328,76.81989288330078
2011-11-04,67.35462188720703,75.2559814453125,76.91234588623047
2011-11-07,67.33866882324219,75.3427734375,77.40094757080078
2011-11-08,67.33072662353516,75.00296783447266,76.41051483154297
2011-11-09,67.34667205810547,75.66800689697266,77.9952163696289
2011-11-10,67.35462188720703,75.29932403564453,76.83308410644531
2011-11-11,67.32276916503906,74.95237731933594,76.36426544189453
2011-11-14,67.35462188720703,75.42223358154297,77.59245300292969
2011-11-15,67.34667205810547,75.32102966308594,77.48678588867188
2011-11-16,67.33072662353516,75.59573364257812,78.19332885742188
2011-11-17,67.33866882324219,75.74755859375,78.82064819335938
2011-11-18,67.31480407714844,75.4655990600586,78.80079650878906
2011-11-21,67.32276916503906,75.67524719238281,79.26961517333984
2011-11-22,67.33072662353516,75.9065170288086,80.15447998046875
2011-11-23,67.33866882324219,76.16675567626953,80.94017791748047
2011-11-25,67.33866882324219,75.6824722290039,79.76487731933594
2011-11-28,67.34667205810547,75.68965148925781,79.72525787353516
2011-11-29,67.35462188720703,75.54511260986328,79.07151794433594
2011-11-30,67.35462188720703,75.10421752929688,77.83677673339844
2011-12-01,67.358642578125,75.08243560791016,77.44623565673828
2011-12-02,67.34265899658203,75.41561126708984,78.53179168701172
2011-12-05,67.3507080078125,75.3721694946289,78.37290954589844
2011-12-06,67.3507080078125,75.17665100097656,77.62494659423828
2011-12-07,67.37452697753906,75.51702117919922,77.90292358398438
2011-12-08,67.38253784179688,75.90089416503906,78.87599182128906
2011-12-09,67.38253784179688,75.37942504882812,77.25424194335938
2011-12-12,67.38253784179688,75.64012145996094,78.11480712890625
2011-12-13,67.38253784179688,75.98778533935547,78.84290313720703
2011-12-14,67.36653900146484,76.3064193725586,80.33223724365234
2011-12-15,67.358642578125,76.24126434326172,80.03438568115234
2011-12-16,67.39047241210938,76.61058807373047,80.96769714355469
2011-12-19,67.38253784179688,76.87135314941406,81.99369049072266
2011-12-20,67.36653900146484,76.17608642578125,79.94835662841797
2011-12-21,67.34265899658203,75.92979431152344,78.83628845214844
2011-12-22,67.33465576171875,76.02398681640625,79.16728973388672
2011-12-23,67.3507080078125,75.71257019042969,78.286865234375
2011-12-27,67.32594299316406,75.75532531738281,78.65874481201172
2011-12-28,67.34185791015625,76.2342300415039,80.11306762695312
2011-12-29,67.34986877441406,76.32855224609375,80.2591781616211
2011-12-30,67.38975524902344,76.5970230102539,80.51808166503906
2012-01-03,67.34986877441406,76.11089324951172,79.3095703125
2012-01-04,67.35779571533203,75.8714370727539,78.3665771484375
2012-01-05,67.36579132080078,75.88599395751953,78.22711181640625
2012-01-06,67.35779571533203,76.18341827392578,78.84467315673828
2012-01-09,67.37379455566406,76.19795989990234,78.70530700683594
2012-01-10,67.38177490234375,76.04556274414062,78.57244873046875
2012-01-11,67.40565490722656,76.48815155029297,79.59506225585938
2012-01-12,67.39765930175781,76.32855224609375,79.48221588134766
2012-01-13,67.41366577148438,76.66957092285156,80.27246856689453
2012-01-17,67.42159271240234,76.74214935302734,80.64435577392578
2012-01-18,67.41366577148438,76.5026626586914,79.66815185546875
2012-01-19,67.41366577148438,76.04556274414062,78.57244873046875
2012-01-20,67.39765930175781,75.78434753417969,77.68256378173828
2012-01-23,67.40565490722656,75.61747741699219,77.19117736816406
2012-01-24,67.40565490722656,75.70455932617188,77.33065032958984
2012-01-25,67.44554138183594,76.06732940673828,77.14469146728516
2012-01-26,67.45353698730469,76.47367858886719,78.16735076904297
2012-01-27,67.46946716308594,76.70581817626953,78.41300964355469
2012-01-30,67.44554138183594,76.96705627441406,79.3360824584961
2012-01-31,67.44554138183594,77.2573013305664,80.25248718261719
2012-02-01,67.42237854003906,76.9890365600586,79.333251953125
2012-02-02,67.43038177490234,77.0980453491211,79.29993438720703
2012-02-03,67.43038177490234,76.48750305175781,77.59587860107422
2012-02-06,67.4144515991211,76.69828796386719,78.36803436279297
2012-02-07,67.39844512939453,76.20405578613281,77.39614868164062
2012-02-08,67.39844512939453,76.24036407470703,77.45603942871094
2012-02-09,67.36654663085938,76.0659408569336,76.87693786621094
2012-02-10,67.38253021240234,76.49480438232422,77.87544250488281
2012-02-13,67.34262084960938,76.44389343261719,77.97529602050781
2012-02-14,67.35858917236328,76.60383605957031,78.38799285888672
2012-02-15,67.36654663085938,76.6619644165039,78.24824523925781
2012-02-16,67.34262084960938,76.31307220458984,77.62248229980469
2012-02-17,67.32666778564453,76.23312377929688,77.60255432128906
2012-02-21,67.3107681274414,75.9568862915039,76.74385833740234
2012-02-22,67.34262084960938,76.2549057006836,77.70901489257812
2012-02-23,67.3346176147461,76.36396789550781,77.70901489257812
2012-02-24,67.3187026977539,76.42210388183594,78.21491241455078
2012-02-27,67.3346176147461,76.6764907836914,78.9072265625
2012-02-28,67.35065460205078,76.7128677368164,78.6476058959961
2012-02-29,67.35065460205078,76.40758514404297,78.16831970214844
2012-03-01,67.3386459350586,76.1600341796875,77.43236541748047
2012-03-02,67.35459899902344,76.46575927734375,78.1596450805664
2012-03-05,67.35459899902344,76.31292724609375,77.5391845703125
2012-03-06,67.35459899902344,76.63323974609375,78.47991180419922
2012-03-07,67.3386459350586,76.48763275146484,77.99952697753906
2012-03-08,67.31468200683594,76.261962890625,77.21897888183594
2012-03-09,67.31468200683594,76.20372772216797,77.3724136352539
2012-03-12,67.32267761230469,76.18186950683594,77.3590316772461
2012-03-13,67.28280639648438,75.6358413696289,75.99801635742188
2012-03-14,67.18694305419922,74.7695083618164,74.08323669433594
2012-03-15,67.22686004638672,74.7476577758789,74.19664001464844
2012-03-16,67.26678466796875,74.7258071899414,74.34344482421875
2012-03-19,67.21893310546875,74.26713562011719,73.4560775756836
2012-03-20,67.20295715332031,74.30355834960938,73.74964141845703
2012-03-21,67.24284362792969,74.68212127685547,74.5836181640625
2012-03-22,67.2508316040039,74.77676391601562,74.82377624511719
2012-03-23,67.25883483886719,75.0533676147461,75.531005859375
2012-03-26,67.27483367919922,74.966064453125,75.14401245117188
2012-03-27,67.29866790771484,75.38104248046875,75.68451690673828
2012-03-28,67.28280639648438,75.24998474121094,75.57766723632812
2012-03-29,67.30670928955078,75.56304168701172,76.144775390625
2012-03-30,67.29866790771484,75.19174194335938,74.85709381103516
2012-04-02,67.31468200683594,75.37191009521484,75.27184295654297
2012-04-03,67.26678466796875,74.81761932373047,73.96749114990234
2012-04-04,67.28279113769531,75.19680786132812,74.9842300415039
2012-04-05,67.30671691894531,75.53233337402344,75.52607727050781
2012-04-09,67.35459899902344,76.30533599853516,77.29193115234375
2012-04-10,67.38660430908203,76.66270446777344,78.16817474365234
2012-04-11,67.37857818603516,76.36372375488281,77.2317886352539
2012-04-12,67.38660430908203,76.2105484008789,76.91069030761719
2012-04-13,67.39453125,76.66999816894531,78.15482330322266
2012-04-16,67.39453125,76.64811706542969,78.04109954833984
2012-04-17,67.39453125,76.56790161132812,77.99431610107422
2012-04-18,67.41048431396484,76.72103118896484,78.22179412841797
2012-04-19,67.41848754882812,76.80854034423828,78.29533386230469
2012-04-20,67.41848754882812,76.81587982177734,78.30868530273438
2012-04-23,67.43447875976562,76.96898651123047,78.87728118896484
2012-04-24,67.41048431396484,76.77212524414062,78.32209777832031
2012-04-25,67.42646026611328,76.67728424072266,77.92070770263672
2012-04-26,67.43447875976562,76.93254852294922,78.38893127441406
2012-04-27,67.41848754882812,77.01274871826172,78.45588684082031
2012-04-30,67.43447875976562,77.07833862304688,78.4759292602539
2012-05-01,67.43283081054688,76.93815612792969,78.06891632080078
2012-05-02,67.44085693359375,77.08427429199219,78.61872100830078
2012-05-03,67.43283081054688,77.07695007324219,78.59860229492188
2012-05-04,67.45684051513672,77.38372802734375,79.21553039550781
2012-05-07,67.45684051513672,77.36182403564453,79.22895812988281
2012-05-08,67.46478271484375,77.537109375,79.65135955810547
2012-05-09,67.45684051513672,77.60289001464844,79.70499420166016
2012-05-10,67.44881439208984,77.49332427978516,79.47029876708984
2012-05-11,67.45684051513672,77.74895477294922,80.1274185180664
2012-05-14,67.44881439208984,78.09224700927734,81.24718475341797
2012-05-15,67.44085693359375,78.11416625976562,81.57571411132812
2012-05-16,67.43283081054688,78.17265319824219,81.81044006347656
2012-05-17,67.40090942382812,78.46477508544922,83.25872802734375
2012-05-18,67.4089584350586,78.41365814208984,83.27886962890625
2012-05-21,67.41690826416016,78.20915985107422,83.10456848144531
2012-05-22,67.39292907714844,78.0411605834961,82.1792221069336
2012-05-23,67.42488861083984,78.24566650390625,82.74913024902344
2012-05-24,67.40090942382812,78.07766723632812,82.43399810791016
2012-05-25,67.43283081054688,78.30410766601562,82.742431640625
2012-05-29,67.41690826416016,78.23838806152344,82.4876708984375
2012-05-30,67.44881439208984,78.98339080810547,84.57968139648438
2012-05-31,67.47272491455078,79.29020690917969,85.55864715576172
2012-06-01,67.47920989990234,79.97134399414062,87.58983612060547
2012-06-04,67.47117614746094,79.5103988647461,86.8977279663086
2012-06-05,67.48716735839844,79.24705505371094,85.7353515625
2012-06-06,67.46324157714844,78.72761535644531,84.02200317382812
2012-06-07,67.4552230834961,78.91783905029297,84.14969635009766
2012-06-08,67.4552230834961,78.9763412475586,84.12950897216797
2012-06-11,67.4552230834961,79.18850708007812,84.51249694824219
2012-06-12,67.42327880859375,78.76419830322266,83.73978424072266
2012-06-13,67.41525268554688,79.18121337890625,84.56623077392578
2012-06-14,67.42327880859375,78.96905517578125,84.45874786376953
2012-06-15,67.4472427368164,79.33484649658203,84.9290542602539
2012-06-18,67.4312744140625,79.3128662109375,85.38595581054688
2012-06-19,67.42327880859375,79.0421371459961,84.27057647705078
2012-06-20,67.3992919921875,78.88123321533203,84.68714904785156
2012-06-21,67.40728759765625,79.04947662353516,85.13738250732422
2012-06-22,67.41525268554688,78.70564270019531,84.0018310546875
2012-06-25,67.41525268554688,79.13726043701172,85.22470092773438
2012-06-26,67.3992919921875,78.96173095703125,84.88876342773438
2012-06-27,67.3992919921875,79.07144927978516,85.02313995361328
2012-06-28,67.40728759765625,79.32746887207031,85.23139953613281
2012-06-29,67.40728759765625,78.96173095703125,84.1227798461914
2012-07-02,67.42804718017578,79.32801055908203,84.99073791503906
2012-07-03,67.4120864868164,79.13020324707031,84.3375244140625
2012-07-05,67.43603515625,79.34269714355469,84.76852416992188
2012-07-06,67.4600601196289,79.62110900878906,85.55632019042969
2012-07-09,67.4600601196289,79.84097290039062,86.31051635742188
2012-07-10,67.4600601196289,79.87757110595703,86.48560333251953
2012-07-11,67.4679946899414,79.8042984008789,86.59332275390625
2012-07-12,67.48401641845703,79.98747253417969,87.2060775756836
2012-07-13,67.5,79.9215087890625,86.9771499633789
2012-07-16,67.52397155761719,80.0973892211914,87.38114929199219
2012-07-17,67.51600646972656,79.89222717285156,86.69427490234375
2012-07-18,67.53199005126953,79.97277069091797,86.741455078125
2012-07-19,67.54793548583984,79.85558319091797,86.51922607421875
2012-07-20,67.555908203125,80.17066955566406,87.57642364501953
2012-07-23,67.5639419555664,80.30253601074219,88.06793212890625
2012-07-24,67.54793548583984,80.45640563964844,88.76153564453125
2012-07-25,67.555908203125,80.5003433227539,88.99042510986328
2012-07-26,67.555908203125,80.251220703125,88.1756820678711
2012-07-27,67.50797271728516,79.67234802246094,86.51249694824219
2012-07-30,67.53994750976562,79.92884826660156,87.158935546875
2012-07-31,67.555908203125,80.06807708740234,87.333984375
2012-08-01,67.54476928710938,79.77605438232422,86.8974380493164
2012-08-02,67.55277252197266,79.96678161621094,87.39000701904297
2012-08-03,67.52874755859375,79.5485610961914,85.9797592163086
2012-08-06,67.5367660522461,79.59992980957031,86.01348876953125
2012-08-07,67.50479125976562,79.18167877197266,84.9068374633789
2012-08-08,67.48081970214844,79.07162475585938,84.4547348022461
2012-08-09,67.48081970214844,79.01290130615234,84.39403533935547
2012-08-10,67.49678802490234,79.24036407470703,84.81914520263672
2012-08-13,67.50479125976562,79.18901824951172,84.67743682861328
2012-08-14,67.48878479003906,78.80010986328125,83.53032684326172
2012-08-15,67.46479034423828,78.40385437011719,82.35623931884766
2012-08-16,67.45677947998047,78.2131118774414,81.65441131591797
2012-08-17,67.46479034423828,78.30846405029297,82.05253601074219
2012-08-20,67.46479034423828,78.35252380371094,82.22122955322266
2012-08-21,67.46479034423828,78.4185562133789,82.58563995361328
2012-08-22,67.50479125976562,79.02754974365234,83.94866943359375
2012-08-23,67.51275634765625,79.16697692871094,84.299560546875
2012-08-24,67.51275634765625,79.13028717041016,84.2186050415039
2012-08-27,67.50479125976562,79.33577728271484,84.7111587524414
2012-08-28,67.51275634765625,79.36509704589844,84.91358947753906
2012-08-29,67.51275634765625,79.31377410888672,84.54246520996094
2012-08-30,67.52075958251953,79.4604721069336,84.98103332519531
2012-08-31,67.56074523925781,79.97415161132812,86.18216705322266
2012-09-04,67.55593872070312,79.79118347167969,86.09558868408203
2012-09-05,67.55593872070312,79.76181030273438,85.68989562988281
2012-09-06,67.5239486694336,79.218017578125,84.26311492919922
2012-09-07,67.53990173339844,79.32087707519531,83.8708724975586
2012-09-10,67.5239486694336,79.35765838623047,84.07373046875
2012-09-11,67.53990173339844,79.21070098876953,83.54629516601562
2012-09-12,67.53194427490234,78.8212661743164,82.50493621826172
2012-09-13,67.55593872070312,79.04904174804688,82.18032836914062
2012-09-14,67.5239486694336,78.30689239501953,79.99614715576172
2012-09-17,67.5239486694336,78.46853637695312,80.9564208984375
2012-09-18,67.53194427490234,78.66693878173828,81.36210632324219
2012-09-19,67.53194427490234,78.85066223144531,81.89630889892578
2012-09-20,67.51596069335938,78.89474487304688,82.09918212890625
2012-09-21,67.5239486694336,79.063720703125,82.19384002685547
2012-09-24,67.53194427490234,79.24006652832031,82.83628845214844
2012-09-25,67.51596069335938,79.53401947021484,83.65443420410156
2012-09-26,67.53194427490234,79.86470794677734,84.55382537841797
2012-09-27,67.53990173339844,79.69567108154297,83.95203399658203
2012-09-28,67.57193756103516,79.69567108154297,83.99935150146484
2012-10-01,67.57352447509766,79.84356689453125,84.31105041503906
2012-10-02,67.55751037597656,79.79205322265625,84.19585418701172
2012-10-03,67.55751037597656,79.87296295166016,84.22294616699219
2012-10-04,67.55751037597656,79.55658721923828,83.17263793945312
2012-10-05,67.52554321289062,79.19606018066406,82.09519958496094
2012-10-08,67.53352355957031,79.45359802246094,82.78636932373047
2012-10-09,67.53352355957031,79.2917251586914,82.63729095458984
2012-10-10,67.52554321289062,79.48303985595703,83.22002410888672
2012-10-11,67.51750946044922,79.55658721923828,83.79605865478516
2012-10-12,67.5415267944336,79.56394958496094,84.0061264038086
2012-10-15,67.52554321289062,79.58602142333984,83.81639099121094
2012-10-16,67.52554321289062,79.21082305908203,82.65766906738281
2012-10-17,67.48552703857422,78.71051788330078,81.89187622070312
2012-10-18,67.4935531616211,78.5706787109375,81.39046478271484
2012-10-19,67.4935531616211,78.9017562866211,82.49504089355469
2012-10-22,67.46957397460938,78.63691711425781,81.96647644042969
2012-10-23,67.50160217285156,79.01215362548828,83.1387710571289
2012-10-24,67.4935531616211,78.84294891357422,82.31883239746094
2012-10-25,67.46957397460938,78.55599975585938,81.89865112304688
2012-10-26,67.48552703857422,79.0562973022461,83.10486602783203
2012-10-31,67.52554321289062,79.3800048828125,83.5927734375
2012-11-01,67.50952911376953,79.22162628173828,82.90838623046875
2012-11-02,67.50160217285156,79.28791046142578,82.84736633300781
2012-11-05,67.50160217285156,79.4794692993164,83.3149642944336
2012-11-06,67.47756958007812,79.11848449707031,82.5289077758789
2012-11-07,67.53352355957031,79.7815170288086,84.0264663696289
2012-11-08,67.53352355957031,80.13518524169922,85.27330017089844
2012-11-09,67.53352355957031,80.14257049560547,85.36820220947266
2012-11-12,67.53352355957031,80.19412994384766,85.51046752929688
2012-11-13,67.5415267944336,80.28984832763672,85.79505920410156
2012-11-14,67.55751037597656,80.31201171875,85.87641906738281
2012-11-15,67.55751037597656,80.27516174316406,85.70699310302734
2012-11-16,67.55751037597656,80.32675170898438,85.63243103027344
2012-11-19,67.54953002929688,80.16463470458984,85.1513442993164
2012-11-20,67.53352355957031,79.83312225341797,84.29745483398438
2012-11-21,67.52554321289062,79.7152328491211,84.25008392333984
2012-11-23,67.52554321289062,79.6710205078125,84.16876983642578
2012-11-26,67.51750946044922,79.80364990234375,84.5685806274414
2012-11-27,67.52554321289062,79.98783111572266,84.90059661865234
2012-11-28,67.53352355957031,80.09101104736328,84.77861785888672
2012-11-29,67.53352355957031,80.17203521728516,84.79216003417969
2012-11-30,67.5415267944336,80.15729522705078,84.56182098388672
2012-12-03,67.54951477050781,80.12557983398438,84.63992309570312
2012-12-04,67.54951477050781,80.26567840576172,85.12874603271484
2012-12-05,67.5655746459961,80.3321533203125,85.08796691894531
2012-12-06,67.5655746459961,80.37639617919922,85.27127838134766
2012-12-07,67.5655746459961,80.14776611328125,84.4836654663086
2012-12-10,67.5655746459961,80.22142791748047,84.85710906982422
2012-12-11,67.5655746459961,80.06654357910156,84.21214294433594
2012-12-12,67.55752563476562,79.72721099853516,83.23442840576172
2012-12-13,67.55752563476562,79.57230377197266,83.29547119140625
2012-12-14,67.57353973388672,79.7493896484375,83.92015075683594
2012-12-17,67.55752563476562,79.32890319824219,82.6640396118164
2012-12-18,67.51753234863281,79.01904296875,81.8221206665039
2012-12-19,67.53350830078125,79.12974548339844,82.09373474121094
2012-12-20,67.52554321289062,79.18135070800781,82.10736083984375
2012-12-21,67.53350830078125,79.39527893066406,83.00357818603516
2012-12-24,67.53350830078125,79.31414794921875,82.85420989990234
2012-12-26,67.53433227539062,79.47737121582031,83.1522445678711
2012-12-27,67.55834197998047,79.6398696899414,83.43118286132812
2012-12-28,67.55834197998047,79.82452392578125,83.90756225585938
2012-12-31,67.55834197998047,79.40352630615234,82.4581527709961
2013-01-02,67.54235076904297,79.04158782958984,81.35579681396484
2013-01-03,67.54235076904297,78.63526153564453,80.25348663330078
2013-01-04,67.55030822753906,78.67219543457031,80.5665283203125
2013-01-07,67.55030822753906,78.7165756225586,80.60052490234375
2013-01-08,67.55834197998047,78.90857696533203,81.13127899169922
2013-01-09,67.58238983154297,78.95289611816406,81.05635833740234
2013-01-10,67.5743179321289,78.723876953125,80.83189392089844
2013-01-11,67.56634521484375,78.97509002685547,81.55317687988281
2013-01-14,67.56634521484375,78.94554901123047,81.3285903930664
2013-01-15,67.5743179321289,79.1375732421875,81.702880859375
2013-01-16,67.5743179321289,79.24102020263672,81.87295532226562
2013-01-17,67.56634521484375,78.8790283203125,81.05635833740234
2013-01-18,67.56634521484375,79.1007080078125,81.68241119384766
2013-01-22,67.58238983154297,79.1670913696289,81.83891296386719
2013-01-23,67.58238983154297,79.20403289794922,81.71646881103516
2013-01-24,67.58238983154297,79.07110595703125,81.43065643310547
2013-01-25,67.55030822753906,78.5466079711914,80.31468200683594
2013-01-28,67.52632904052734,78.38411712646484,80.0220947265625
2013-01-29,67.53433227539062,78.26593017578125,79.57978057861328
2013-01-30,67.55834197998047,78.31021118164062,79.44367218017578
2013-01-31,67.56634521484375,78.37664794921875,79.83158874511719
2013-02-01,67.55917358398438,78.11042022705078,78.79498291015625
2013-02-04,67.57514190673828,78.56163787841797,79.8042984008789
2013-02-05,67.57514190673828,78.2805404663086,79.09504699707031
2013-02-06,67.59115600585938,78.51727294921875,79.7428970336914
2013-02-07,67.59115600585938,78.55423736572266,79.56561279296875
2013-02-08,67.59918212890625,78.6133804321289,79.87254333496094
2013-02-11,67.57514190673828,78.53209686279297,79.81111907958984
2013-02-12,67.55917358398438,78.45072174072266,79.61334991455078
2013-02-13,67.5511245727539,78.17699432373047,78.96549224853516
2013-02-14,67.55917358398438,78.50978088378906,79.68158721923828
2013-02-15,67.56710815429688,78.43588256835938,79.44969940185547
2013-02-19,67.55917358398438,78.31014251708984,79.05414581298828
2013-02-20,67.55917358398438,78.48029327392578,79.29277038574219
2013-02-21,67.58313751220703,78.63563537597656,79.75655364990234
2013-02-22,67.58313751220703,78.73175048828125,79.81111907958984
2013-02-25,67.59918212890625,79.33828735351562,81.37970733642578
2013-02-26,67.61518859863281,79.19036102294922,80.90913391113281
2013-02-27,67.61518859863281,79.1534194946289,80.67040252685547
2013-02-28,67.60718536376953,79.2643051147461,80.82039642333984
2013-03-01,67.62157440185547,79.4620132446289,81.26056671142578
2013-03-04,67.61360168457031,79.27689361572266,80.8299789428711
2013-03-05,67.6056137084961,79.19544219970703,80.59761810302734
2013-03-06,67.59756469726562,78.94366455078125,79.86634063720703
2013-03-07,67.58152770996094,78.64005279541016,79.25122833251953
2013-03-08,67.58950805664062,78.24011993408203,78.4243392944336
2013-03-11,67.58152770996094,78.27720642089844,78.49951171875
2013-03-12,67.59756469726562,78.4919204711914,79.0667495727539
2013-03-13,67.58152770996094,78.42530059814453,78.98475646972656
2013-03-14,67.58152770996094,78.4474868774414,78.74549102783203
2013-03-15,67.6056137084961,78.72154235839844,79.1146011352539
2013-03-18,67.62157440185547,78.98068237304688,79.71602630615234
2013-03-19,67.61360168457031,79.22509765625,80.25591278076172
2013-03-20,67.6056137084961,78.92142486572266,79.36062622070312
2013-03-21,67.61360168457031,79.1288070678711,80.12606811523438
2013-03-22,67.59756469726562,79.1584243774414,80.18760681152344
2013-03-25,67.59756469726562,79.21765899658203,80.11241912841797
2013-03-26,67.6056137084961,79.29915618896484,80.20812225341797
2013-03-27,67.62157440185547,79.63980102539062,80.89152526855469
2013-03-28,67.62957763671875,79.49169158935547,80.48151397705078
2013-04-01,67.63594818115234,79.70303344726562,81.0876235961914
2013-04-02,67.63594818115234,79.54728698730469,80.7588882446289
2013-04-03,67.62799072265625,79.8809585571289,81.48489379882812
2013-04-04,67.6519775390625,80.19986724853516,82.45745849609375
2013-04-05,67.6519775390625,80.4520263671875,84.12178039550781
2013-04-08,67.63594818115234,80.19243621826172,83.47799682617188
2013-04-09,67.63594818115234,80.22209930419922,83.27251434326172
2013-04-10,67.63594818115234,79.88841247558594,82.12867736816406
2013-04-11,67.63594818115234,79.97738647460938,82.28620910644531
2013-04-12,67.64398193359375,80.42231750488281,83.51221466064453
2013-04-15,67.6519775390625,80.6003646850586,84.23827362060547
2013-04-16,67.6519775390625,80.37039184570312,83.54649353027344
2013-04-17,67.6519775390625,80.51870727539062,84.10125732421875
2013-04-18,67.6519775390625,80.5632095336914,84.30667877197266
2013-04-19,67.6519775390625,80.51870727539062,84.128662109375
2013-04-22,67.66007232666016,80.5632095336914,84.19029998779297
2013-04-23,67.6519775390625,80.51130676269531,83.89579010009766
2013-04-24,67.66007232666016,80.54841613769531,84.10810089111328
2013-04-25,67.6519775390625,80.45938873291016,83.74507141113281
2013-04-26,67.66802215576172,80.74858856201172,84.51222229003906
2013-04-29,67.68402099609375,80.71896362304688,84.20401763916016
2013-04-30,67.67606353759766,80.70417022705078,84.2519302368164
2013-05-01,67.68963623046875,80.96768188476562,85.11748504638672
2013-05-02,67.6816635131836,80.96768188476562,85.00761413574219
2013-05-03,67.6575927734375,80.27722930908203,83.00346374511719
2013-05-06,67.6575927734375,80.17330932617188,82.79752349853516
2013-05-07,67.6575927734375,80.06192779541016,82.47490692138672
2013-05-08,67.66561889648438,80.15843963623047,82.60537719726562
2013-05-09,67.6575927734375,80.1435546875,82.39254760742188
2013-05-10,67.64958953857422,79.69066619873047,81.50716400146484
2013-05-13,67.63362121582031,79.549560546875,80.88250732421875
2013-05-14,67.63362121582031,79.23030090332031,80.00395202636719
2013-05-15,67.6416015625,79.43817901611328,80.53939056396484
2013-05-16,67.6575927734375,79.81688690185547,81.37665557861328
2013-05-17,67.6416015625,79.3862075805664,80.34717559814453
2013-05-20,67.64958953857422,79.32682037353516,80.25105285644531
2013-05-21,67.64958953857422,79.53472137451172,80.88250732421875
2013-05-22,67.62556457519531,78.90362548828125,79.6813735961914
2013-05-23,67.6416015625,78.98532104492188,80.05891418457031
2013-05-24,67.62556457519531,79.01502990722656,80.16866302490234
2013-05-28,67.5775375366211,78.08689880371094,78.13703918457031
2013-05-29,67.5775375366211,78.40612030029297,79.01561737060547
2013-05-30,67.59354400634766,78.41358947753906,78.8233642578125
2013-05-31,67.58548736572266,78.19829559326172,78.55569458007812
2013-06-03,67.607177734375,78.3112564086914,78.97196197509766
2013-06-04,67.607177734375,78.11053466796875,78.2426528930664
2013-06-05,67.61521911621094,78.48965454101562,79.3228759765625
2013-06-06,67.607177734375,78.58643341064453,79.27467346191406
2013-06-07,67.59911346435547,77.97669982910156,77.85736846923828
2013-06-10,67.57512664794922,77.78337860107422,77.48578643798828
2013-06-11,67.56709289550781,77.97669982910156,78.40780639648438
2013-06-12,67.55912780761719,77.62725830078125,77.28632354736328
2013-06-13,67.59112548828125,78.21461486816406,78.49728393554688
2013-06-14,67.63919067382812,78.31869506835938,78.31147766113281
2013-06-17,67.63919067382812,78.13282775878906,77.89862823486328
2013-06-18,67.63919067382812,78.08818054199219,77.93993377685547
2013-06-19,67.55912780761719,77.01761627197266,77.13490295410156
2013-06-20,67.55103302001953,76.66817474365234,75.8689193725586
2013-06-21,67.49500274658203,75.85773468017578,74.58230590820312
2013-06-24,67.46300506591797,75.67196655273438,74.89192962646484
2013-06-25,67.45494842529297,75.58264923095703,74.22456359863281
2013-06-26,67.48698425292969,75.88753509521484,74.7061538696289
2013-06-27,67.52703857421875,76.2964096069336,75.46989440917969
2013-06-28,67.5190200805664,76.20716094970703,75.98590087890625
2013-07-01,67.54869842529297,76.2362289428711,76.13898468017578
2013-07-02,67.5566635131836,76.26600646972656,76.09075164794922
2013-07-03,67.54869842529297,76.11712646484375,75.86316680908203
2013-07-05,67.4765853881836,74.83661651611328,73.27715301513672
2013-07-08,67.5246353149414,75.27582550048828,73.98744201660156
2013-07-09,67.51661682128906,75.40243530273438,74.0633316040039
2013-07-10,67.51661682128906,75.13440704345703,73.48408508300781
2013-07-11,67.57278442382812,75.8863525390625,74.3460922241211
2013-07-12,67.53266906738281,75.8267822265625,74.28395080566406
2013-07-15,67.56472778320312,76.06498718261719,74.67704772949219
2013-07-16,67.57278442382812,76.10225677490234,74.9322280883789
2013-07-17,67.59675598144531,76.4372329711914,75.07011413574219
2013-07-18,67.58873748779297,76.07987976074219,74.13231658935547
2013-07-19,67.62084197998047,76.49687957763672,75.30460357666016
2013-07-22,67.62084197998047,76.48938751220703,75.41495513916016
2013-07-23,67.61280822753906,76.4000244140625,75.09771728515625
2013-07-24,67.58071899414062,75.8863525390625,74.14603424072266
2013-07-25,67.62084197998047,75.99800109863281,74.11851501464844
2013-07-26,67.62883758544922,76.06498718261719,74.57366180419922
2013-07-29,67.62084197998047,75.9086685180664,74.02883911132812
2013-07-30,67.62883758544922,75.8863525390625,74.0012435913086
2013-07-31,67.62883758544922,75.93846893310547,74.27021789550781
2013-08-01,67.60313415527344,75.26823425292969,72.83916473388672
2013-08-02,67.65127563476562,75.90930938720703,73.64105224609375
2013-08-05,67.64325714111328,75.6707992553711,73.07415771484375
2013-08-06,67.63524627685547,75.69313049316406,73.28849029541016
2013-08-07,67.65127563476562,75.96898651123047,73.8346176147461
2013-08-08,67.65127563476562,76.08084106445312,74.03511810302734
2013-08-09,67.63524627685547,76.1330337524414,74.15263366699219
2013-08-12,67.63524627685547,75.9839096069336,73.64801025390625
2013-08-13,67.60313415527344,75.29804992675781,72.5833511352539
2013-08-14,67.60313415527344,75.36514282226562,72.69393157958984
2013-08-15,67.57910919189453,74.94766235351562,71.7122573852539
2013-08-16,67.58721160888672,74.6568832397461,71.4633560180664
2013-08-19,67.57108306884766,74.33633422851562,70.8411636352539
2013-08-20,67.58721160888672,74.73892974853516,71.38733673095703
2013-08-21,67.54705810546875,74.26922607421875,70.60609436035156
2013-08-22,67.5230712890625,74.23938751220703,71.32510375976562
2013-08-23,67.5230712890625,74.6568832397461,72.09942626953125
2013-08-26,67.54705810546875,74.80596160888672,72.45886993408203
2013-08-27,67.57910919189453,75.23094940185547,73.37140655517578
2013-08-28,67.53901672363281,74.92528533935547,72.77688598632812
2013-08-29,67.55506134033203,74.99983215332031,73.35760498046875
2013-08-30,67.56312561035156,74.858154296875,73.27469635009766
2013-09-03,67.5374755859375,74.43333435058594,72.2412109375
2013-09-04,67.47330474853516,74.18692016601562,72.08171844482422
2013-09-05,67.40919494628906,73.61949920654297,71.07664489746094
2013-09-06,67.47330474853516,74.06746673583984,71.4301986694336
2013-09-09,67.48931884765625,74.21676635742188,71.46483612060547
2013-09-10,67.46526336669922,73.87335968017578,70.9657211303711
2013-09-11,67.49742126464844,74.24666595458984,71.59652709960938
2013-09-12,67.49742126464844,74.25409698486328,71.49946594238281
2013-09-13,67.49742126464844,74.35115814208984,71.77679443359375
2013-09-16,67.5454330444336,74.5154800415039,71.2984619140625
2013-09-17,67.56946563720703,74.664794921875,71.88766479492188
2013-09-18,67.65770721435547,75.59061431884766,72.77490234375
2013-09-19,67.63361358642578,75.3293228149414,72.34513854980469
2013-09-20,67.64167785644531,75.40394592285156,72.72635650634766
2013-09-23,67.65770721435547,75.6877212524414,73.26009368896484
2013-09-24,67.66573333740234,75.96397399902344,74.05033111572266
2013-09-25,67.68968200683594,76.17301940917969,74.20281219482422
2013-09-26,67.65770721435547,76.00880432128906,73.68292236328125
2013-09-27,67.69776153564453,76.1132583618164,73.8631591796875
2013-09-30,67.7137680053711,76.24024200439453,73.75225830078125
2013-10-01,67.69617462158203,76.07044982910156,73.5284652709961
2013-10-02,67.70414733886719,76.19758605957031,73.6396713256836
2013-10-03,67.70414733886719,76.30227661132812,73.52153778076172
2013-10-04,67.68013763427734,76.09291076660156,73.46590423583984
2013-10-07,67.68013763427734,76.16023254394531,73.7647705078125
2013-10-08,67.62397003173828,76.12284851074219,73.78561401367188
2013-10-09,67.6480712890625,75.98819732666016,73.19489288330078
2013-10-10,67.6480712890625,75.82372283935547,73.31303405761719
2013-10-11,67.6480712890625,75.9358901977539,73.29219055175781
2013-10-14,67.62397003173828,75.68165588378906,72.70143127441406
2013-10-15,67.6480712890625,75.69658660888672,72.65283203125
2013-10-16,67.6720962524414,76.06302642822266,73.56322479248047
2013-10-17,67.69617462158203,76.49675750732422,74.23040008544922
2013-10-18,67.69617462158203,76.50418853759766,74.39021301269531
2013-10-21,67.69617462158203,76.4518051147461,74.15393829345703
2013-10-22,67.75225067138672,76.98273468017578,74.98097229003906
2013-10-23,67.72820281982422,77.11741638183594,75.2728500366211
2013-10-24,67.72021484375,76.96031188964844,74.98097229003906
2013-10-25,67.7362060546875,77.09491729736328,75.25897216796875
2013-10-28,67.75225067138672,77.02013397216797,75.0018081665039
2013-10-29,67.75225067138672,77.12480926513672,75.09912872314453
2013-10-30,67.75225067138672,76.92294311523438,74.64738464355469
2013-10-31,67.76031494140625,76.83323669433594,74.80724334716797
2013-11-01,67.73543548583984,76.40703582763672,73.99752807617188
2013-11-04,67.7514419555664,76.55684661865234,74.0671615600586
2013-11-05,67.7514419555664,76.21236419677734,73.18224334716797
2013-11-06,67.76750946044922,76.4444808959961,73.21705627441406
2013-11-07,67.7835922241211,76.64672088623047,73.83723449707031
2013-11-08,67.73543548583984,75.78541564941406,72.06029510498047
2013-11-11,67.7514419555664,75.74800109863281,71.78854370117188
2013-11-12,67.73543548583984,75.68058776855469,72.12296295166016
2013-11-13,67.73543548583984,75.99514770507812,72.38780975341797
2013-11-14,67.77554321289062,76.36210632324219,72.83377838134766
2013-11-15,67.77554321289062,76.30219268798828,72.98011779785156
2013-11-18,67.80760955810547,76.57178497314453,73.41913604736328
2013-11-19,67.7835922241211,76.28728485107422,72.86161804199219
2013-11-20,67.79157257080078,75.86778259277344,71.62126922607422
2013-11-21,67.82368469238281,75.9352035522461,71.73973083496094
2013-11-22,67.80760955810547,76.15242767333984,72.40870666503906
2013-11-25,67.80760955810547,76.21236419677734,72.61774444580078
2013-11-26,67.81562805175781,76.37706756591797,72.8895263671875
2013-11-27,67.81562805175781,76.2048110961914,72.76407623291016
2013-11-29,67.82368469238281,76.15995025634766,72.78498840332031
2013-12-02,67.78275299072266,75.83282470703125,72.21887969970703
2013-12-03,67.79879760742188,75.9678726196289,72.48450469970703
2013-12-04,67.78275299072266,75.62276458740234,71.79251098632812
2013-12-05,67.790771484375,75.43527221679688,71.58987426757812
2013-12-06,67.76670837402344,75.50275421142578,71.93229675292969
2013-12-09,67.76670837402344,75.59274291992188,72.10002136230469
2013-12-10,67.790771484375,75.90786743164062,72.61730194091797
2013-12-11,67.76670837402344,75.61527252197266,72.05812072753906
2013-12-12,67.74262237548828,75.39778900146484,71.78556060791016
2013-12-13,67.75865936279297,75.51026916503906,72.13505554199219
2013-12-16,67.75865936279297,75.4727554321289,71.86946105957031
2013-12-17,67.77477264404297,75.71279907226562,72.19088745117188
2013-12-18,67.77477264404297,75.42779541015625,71.82748413085938
2013-12-19,67.73466491699219,75.1126708984375,71.75760650634766
2013-12-20,67.71057891845703,75.34526062011719,72.86186218261719
2013-12-23,67.7025375366211,75.10515594482422,72.44953918457031
2013-12-24,67.678466796875,74.81261444091797,71.86946105957031
2013-12-26,67.6712417602539,74.748046875,71.59241485595703
2013-12-27,67.7033462524414,74.70293426513672,71.38904571533203
2013-12-30,67.71936798095703,74.90582275390625,71.87995147705078
2013-12-31,67.7033462524414,74.56768035888672,71.42414855957031
2014-01-02,67.73545837402344,74.86068725585938,71.64151763916016
2014-01-03,67.71139526367188,74.81560516357422,71.64151763916016
2014-01-06,67.71936798095703,75.02599334716797,71.9430923461914
2014-01-07,67.71936798095703,75.14622497558594,72.12535858154297
2014-01-08,67.6551284790039,74.778076171875,71.92903137207031
2014-01-09,67.6712417602539,74.97343444824219,72.34972381591797
2014-01-10,67.73545837402344,75.60458374023438,73.21220397949219
2014-01-13,67.75150299072266,75.82252502441406,73.57682037353516
2014-01-14,67.73545837402344,75.5369873046875,73.240234375
2014-01-15,67.71139526367188,75.46929931640625,73.16312408447266
2014-01-16,67.72744750976562,75.67970275878906,73.65394592285156
2014-01-17,67.72744750976562,75.86007690429688,73.96248626708984
2014-01-21,67.71936798095703,75.77742004394531,74.01860046386719
2014-01-22,67.68730926513672,75.56704711914062,73.83627319335938
2014-01-23,67.75150299072266,76.07798767089844,74.88109588623047
2014-01-24,67.7755355834961,76.38603210449219,75.36492156982422
2014-01-27,67.76751708984375,76.15306854248047,74.83901977539062
2014-01-28,67.76751708984375,76.26583099365234,75.02130889892578
2014-01-29,67.815673828125,76.62649536132812,75.63834381103516
2014-01-30,67.80763244628906,76.55131530761719,75.42094421386719
2014-01-31,67.83971405029297,76.85186767578125,75.9258804321289
2014-02-03,67.85819244384766,77.26959228515625,76.85101318359375
2014-02-04,67.86622619628906,77.03629302978516,76.0354995727539
2014-02-05,67.83412170410156,76.7577896118164,75.33255004882812
2014-02-06,67.84219360351562,76.61481475830078,75.00914764404297
2014-02-07,67.85819244384766,76.81802368164062,75.07243347167969
2014-02-10,67.84219360351562,76.85560607910156,75.28331756591797
2014-02-11,67.82606506347656,76.51696014404297,74.84748840332031
2014-02-12,67.79397583007812,76.33628845214844,74.46082305908203
2014-02-13,67.83412170410156,76.69759368896484,74.8825912475586
2014-02-14,67.83412170410156,76.64491271972656,74.92477416992188
2014-02-18,67.85819244384766,76.83307647705078,75.09349822998047
2014-02-19,67.83412170410156,76.68251037597656,74.77714538574219
2014-02-20,67.84219360351562,76.59976196289062,74.59439086914062
2014-02-21,67.85015869140625,76.69759368896484,74.98806762695312
2014-02-24,67.85015869140625,76.62232971191406,74.79825592041016
2014-02-25,67.84219360351562,76.88578033447266,75.46611785888672
2014-02-26,67.87423706054688,77.11156463623047,75.86677551269531
2014-02-27,67.86622619628906,77.2018814086914,76.28153228759766
2014-02-28,67.86622619628906,77.12667083740234,76.32376861572266
2014-03-03,67.90475463867188,77.50812530517578,76.83325958251953
2014-03-04,67.8486099243164,76.91249084472656,75.67756652832031
2014-03-05,67.87264251708984,76.99543762207031,75.83963012695312
2014-03-06,67.83251953125,76.6636962890625,75.09264373779297
2014-03-07,67.78436279296875,76.3320083618164,74.62051391601562
2014-03-10,67.79238891601562,76.41493225097656,74.72620391845703
2014-03-11,67.79238891601562,76.4903335571289,74.92353057861328
2014-03-12,67.81644439697266,76.79190063476562,75.44500732421875
2014-03-13,67.8565902709961,77.24422454833984,76.45975494384766
2014-03-14,67.84051513671875,77.25175476074219,76.4738540649414
2014-03-17,67.81644439697266,76.94266510009766,75.90303802490234
2014-03-18,67.83251953125,77.13113403320312,76.17790222167969
2014-03-19,67.72014617919922,76.41493225097656,75.5859375
2014-03-20,67.72813415527344,76.42997741699219,75.4520492553711
2014-03-21,67.73617553710938,76.57324981689453,76.26947784423828
2014-03-24,67.7040786743164,76.60344696044922,76.81207275390625
2014-03-25,67.71212005615234,76.5582275390625,76.52314758300781
2014-03-26,67.76026916503906,76.88236236572266,77.1221694946289
2014-03-27,67.75221252441406,76.95777130126953,77.50975799560547
2014-03-28,67.75221252441406,76.68634796142578,77.07283020019531
2014-03-31,67.79238891601562,76.69389343261719,76.88257598876953
2014-04-01,67.75299835205078,76.53531646728516,76.2254867553711
2014-04-02,67.72895812988281,76.20294189453125,75.78748321533203
2014-04-03,67.7449951171875,76.25575256347656,76.11959838867188
2014-04-04,67.80121612548828,76.7241439819336,76.62825012207031
2014-04-07,67.80925750732422,76.90540313720703,77.08747863769531
2014-04-08,67.8172836303711,77.0111312866211,77.2711410522461
2014-04-09,67.8493881225586,76.98847198486328,76.88966369628906
2014-04-10,67.88951110839844,77.31319427490234,77.60318756103516
2014-04-11,67.88151550292969,77.47185516357422,78.23200225830078
2014-04-14,67.87346649169922,77.3509750366211,78.02713775634766
2014-04-15,67.87346649169922,77.44163513183594,78.51461791992188
2014-04-16,67.8493881225586,77.3207778930664,78.6135482788086
2014-04-17,67.83331298828125,76.88275909423828,77.75157928466797
2014-04-21,67.83331298828125,76.86763763427734,77.68798065185547
2014-04-22,67.80121612548828,76.83740234375,77.94940948486328
2014-04-23,67.83331298828125,77.03376007080078,78.39451599121094
2014-04-24,67.8172836303711,77.0111312866211,78.5428695678711
2014-04-25,67.82525634765625,77.11686706542969,78.65594482421875
2014-04-28,67.82525634765625,77.00354766845703,78.27440643310547
2014-04-29,67.8172836303711,77.07154083251953,78.16844940185547
2014-04-30,67.86547088623047,77.27546691894531,78.49346160888672
2014-05-01,67.8662338256836,77.4979248046875,79.33544921875
2014-05-02,67.85820007324219,77.6114501953125,79.82418823242188
2014-05-05,67.8662338256836,77.56607055664062,79.34259796142578
2014-05-06,67.84209442138672,77.6568603515625,79.66128540039062
2014-05-07,67.8662338256836,77.71741485595703,79.37799835205078
2014-05-08,67.88233947753906,77.80065155029297,79.03807067871094
2014-05-09,67.90641784667969,77.74015808105469,78.7830810546875
2014-05-12,67.89035034179688,77.53580474853516,78.46438598632812
2014-05-13,67.91443634033203,77.83848571777344,79.14425659179688
2014-05-14,67.93852996826172,78.19412231445312,80.00122833251953
2014-05-15,67.9465560913086,78.47415924072266,80.63863372802734
2014-05-16,67.95458984375,78.30769348144531,80.41204071044922
2014-05-19,67.97064971923828,78.20930480957031,79.8171157836914
2014-05-20,67.97870635986328,78.43631744384766,79.99415588378906
2014-05-21,67.97870635986328,78.31523895263672,79.50550842285156
2014-05-22,67.96261596679688,78.23197174072266,79.39216613769531
2014-05-23,67.9465560913086,78.39090728759766,79.8171157836914
2014-05-27,67.96261596679688,78.41363525390625,80.28456115722656
2014-05-28,67.97870635986328,78.84491729736328,81.27603912353516
2014-05-29,67.97064971923828,78.74661254882812,80.84403991699219
2014-05-30,67.98670959472656,78.6860122680664,80.80860900878906
2014-06-02,67.9408950805664,78.32599639892578,80.20793151855469
2014-06-03,67.92484283447266,77.93177795410156,79.22100067138672
2014-06-04,67.94895935058594,77.8711929321289,79.19960021972656
2014-06-05,67.95698547363281,77.98491668701172,79.23514556884766
2014-06-06,67.9408950805664,77.92423248291016,79.23514556884766
2014-06-09,67.89269256591797,77.81048583984375,79.12145233154297
2014-06-10,67.87664031982422,77.674072265625,78.83040618896484
2014-06-11,67.90078735351562,77.78014373779297,78.97240447998047
2014-06-12,67.92484283447266,78.08345031738281,79.67542266845703
2014-06-13,67.88471221923828,77.93177795410156,79.63277435302734
2014-06-16,67.86859893798828,77.93177795410156,79.8315658569336
2014-06-17,67.81240844726562,77.60588836669922,79.19960021972656
2014-06-18,67.86859893798828,78.01516723632812,79.81028747558594
2014-06-19,67.86052703857422,77.818115234375,78.78783416748047
2014-06-20,67.86052703857422,77.90912628173828,79.38427734375
2014-06-23,67.86052703857422,77.85602569580078,79.13572692871094
2014-06-24,67.88471221923828,78.17442321777344,79.93803405761719
2014-06-25,67.89269256591797,78.25015258789062,80.14400482177734
2014-06-26,67.90882873535156,78.4548568725586,80.52739715576172
2014-06-27,67.92484283447266,78.4548568725586,80.40673828125
2014-06-30,67.93287658691406,78.51551818847656,80.60554504394531
2014-07-01,67.90473937988281,78.25879669189453,79.9306411743164
2014-07-02,67.880615234375,77.93986511230469,79.07640838623047
2014-07-03,67.87260437011719,77.78034210205078,78.79169464111328
2014-07-07,67.85652160644531,77.97021484375,79.36825561523438
2014-07-08,67.87260437011719,78.32715606689453,80.2581558227539
2014-07-09,67.880615234375,78.34239196777344,80.32220458984375
2014-07-10,67.91278839111328,78.5093765258789,80.34358215332031
2014-07-11,67.92888641357422,78.63851928710938,80.85614013671875
2014-07-14,67.92079162597656,78.4638671875,80.5073471069336
2014-07-15,67.88865661621094,78.3954849243164,80.34358215332031
2014-07-16,67.880615234375,78.5093765258789,80.77072143554688
2014-07-17,67.93688201904297,78.96504974365234,81.78868865966797
2014-07-18,67.880615234375,78.80561065673828,81.52527618408203
2014-07-21,67.88865661621094,78.82835388183594,81.93104553222656
2014-07-22,67.88865661621094,78.92709350585938,82.10194396972656
2014-07-23,67.91278839111328,78.91947937011719,81.99515533447266
2014-07-24,67.88865661621094,78.6005630493164,81.38294219970703
2014-07-25,67.89674377441406,78.90432739257812,82.34394836425781
2014-07-28,67.86460876464844,78.81322479248047,82.23009490966797
2014-07-29,67.880615234375,78.91947937011719,82.52906036376953
2014-07-30,67.84851837158203,78.36505126953125,81.38294219970703
2014-07-31,67.880615234375,78.34239196777344,81.14091491699219
2014-08-01,67.96664428710938,78.80340576171875,81.76898193359375
2014-08-04,67.96664428710938,78.84905242919922,81.55487823486328
2014-08-05,67.96664428710938,78.88712310791016,81.81893920898438
2014-08-06,67.98270416259766,78.95563507080078,81.86888885498047
2014-08-07,68.01490783691406,79.31321716308594,82.6326675415039
2014-08-08,67.9747543334961,79.2447738647461,82.45419311523438
2014-08-11,67.9747543334961,79.2066650390625,82.44709777832031
2014-08-12,67.9747543334961,79.09256744384766,81.91172790527344
2014-08-13,68.00684356689453,79.35126495361328,82.44709777832031
2014-08-14,68.0229721069336,79.51103210449219,83.1108627319336
2014-08-15,68.0229721069336,79.83058166503906,84.01732635498047
2014-08-18,68.0229721069336,79.57950592041016,83.1822738647461
2014-08-19,68.0229721069336,79.49579620361328,82.92530059814453
2014-08-20,67.95864868164062,79.25994873046875,82.78965759277344
2014-08-21,67.95864868164062,79.42735290527344,83.25360107421875
2014-08-22,67.94254302978516,79.43498229980469,83.71757507324219
2014-08-25,67.91848754882812,79.49579620361328,84.03162384033203
2014-08-26,67.94254302978516,79.48060607910156,83.76040649414062
2014-08-27,67.95864868164062,79.70124053955078,84.47417449951172
2014-08-28,67.9747543334961,79.80780792236328,84.91667938232422
2014-08-29,68.00684356689453,79.81536102294922,84.97381591796875
2014-09-02,67.94898223876953,79.30549621582031,83.50794982910156
2014-09-03,67.96505737304688,79.4197769165039,83.97296905517578
2014-09-04,67.95697784423828,79.13780975341797,82.949951171875
2014-09-05,67.98114776611328,79.16062927246094,82.79256439208984
2014-09-08,67.94094848632812,79.0768051147461,82.82832336425781
2014-09-09,67.90071105957031,78.89391326904297,82.76392364501953
2014-09-10,67.9087905883789,78.69570922851562,82.24171447753906
2014-09-11,67.91678619384766,78.59666442871094,81.96988677978516
2014-09-12,67.90071105957031,78.29943084716797,81.11141204833984
2014-09-15,67.93287658691406,78.4441909790039,81.23296356201172
2014-09-16,67.97308349609375,78.42134094238281,80.90392303466797
2014-09-17,67.90071105957031,78.22319030761719,80.69648742675781
2014-09-18,67.9087905883789,78.16980743408203,80.95398712158203
2014-09-19,67.90071105957031,78.46710205078125,81.98419189453125
2014-09-22,67.94898223876953,78.63471984863281,82.0843276977539
2014-09-23,67.96505737304688,78.80241394042969,82.59223175048828
2014-09-24,67.94094848632812,78.58142852783203,82.13436126708984
2014-09-25,67.98916625976562,78.96247863769531,83.10733032226562
2014-09-26,67.95697784423828,78.79474639892578,82.9857406616211
2014-09-29,67.97308349609375,79.04634857177734,83.6510009765625
2014-09-30,67.95697784423828,78.9777603149414,83.17890167236328
2014-10-01,68.02938079833984,79.64128112792969,84.79180145263672
2014-10-02,68.02137756347656,79.4045639038086,84.05313873291016
2014-10-03,67.95699310302734,79.3816909790039,84.41172790527344
2014-10-06,68.02137756347656,79.5114974975586,84.4618911743164
2014-10-07,68.06159210205078,79.97728729248047,85.6021957397461
2014-10-08,68.13396453857422,80.25975036621094,85.62371826171875
2014-10-09,68.13396453857422,80.12236785888672,85.25077819824219
2014-10-10,68.16617584228516,80.43539428710938,86.09703826904297
2014-10-13,68.19023132324219,80.85539245605469,86.62061309814453
2014-10-14,68.23049926757812,81.01571655273438,87.18714904785156
2014-10-15,68.31897735595703,81.4738540649414,87.87565612792969
2014-10-16,68.27877807617188,81.25244903564453,87.31623077392578
2014-10-17,68.23854064941406,81.01571655273438,86.82862091064453
2014-10-20,68.27877807617188,81.13026428222656,87.14418029785156
2014-10-21,68.26264953613281,80.90882873535156,86.44844818115234
2014-10-22,68.24659729003906,80.88590240478516,86.5417709350586
2014-10-23,68.21440887451172,80.54995727539062,85.77436065673828
2014-10-24,68.23049926757812,80.61869049072266,85.86038970947266
2014-10-27,68.23049926757812,80.70267486572266,86.01818084716797
2014-10-28,68.21440887451172,80.50414276123047,85.48030090332031
2014-10-29,68.12594604492188,80.23690795898438,85.67398071289062
2014-10-30,68.15006256103516,80.32089233398438,85.74566650390625
2014-10-31,68.13396453857422,80.19104766845703,85.52328491210938
2014-11-03,68.12508392333984,80.16123962402344,85.52333068847656
2014-11-04,68.1170654296875,80.15361785888672,85.7893295288086
2014-11-05,68.1009750366211,80.17652130126953,85.66710662841797
2014-11-06,68.08489990234375,79.9317626953125,85.11357879638672
2014-11-07,68.1332015991211,80.44428253173828,86.09130859375
2014-11-10,68.08489990234375,80.11532592773438,85.30043029785156
2014-11-11,68.07687377929688,80.12301635742188,85.35799407958984
2014-11-12,68.1009750366211,80.09239196777344,85.28610229492188
2014-11-13,68.1170654296875,80.22242736816406,85.48746490478516
2014-11-14,68.14928436279297,80.39069366455078,85.90434265136719
2014-11-17,68.14124298095703,80.29891967773438,85.68868255615234
2014-11-18,68.1332015991211,80.39069366455078,85.9259033203125
2014-11-19,68.12508392333984,80.17652130126953,85.37957000732422
2014-11-20,68.14124298095703,80.32184600830078,85.82527923583984
2014-11-21,68.15728759765625,80.48249053955078,86.34286499023438
2014-11-24,68.16533660888672,80.5742416381836,86.41480255126953
2014-11-25,68.1733627319336,80.77318572998047,87.13370513916016
2014-11-26,68.18148803710938,80.91085052490234,87.37098693847656
2014-11-28,68.2055892944336,81.22442626953125,88.06112670898438
2014-12-01,68.20477294921875,81.02520751953125,87.5473403930664
2014-12-02,68.1645278930664,80.66512298583984,86.69715118408203
2014-12-03,68.13237762451172,80.69583129882812,87.0357437133789
2014-12-04,68.17256164550781,80.97924041748047,87.76354217529297
2014-12-05,68.04380798339844,80.52721405029297,87.25194549560547
2014-12-08,68.0357437133789,80.79537200927734,88.31840515136719
2014-12-09,68.0599365234375,81.09424591064453,88.7723159790039
2014-12-10,68.11626434326172,81.46195983886719,89.42085266113281
2014-12-11,68.0840835571289,81.32404327392578,89.78834533691406
2014-12-12,68.14847564697266,81.99068450927734,91.00604248046875
2014-12-15,68.10015106201172,81.69184112548828,90.8187026977539
2014-12-16,68.14041137695312,82.10559844970703,91.9427261352539
2014-12-17,68.07598114013672,81.53863525390625,91.11412048339844
2014-12-18,68.0357437133789,81.07888793945312,89.49286651611328
2014-12-19,67.98743438720703,81.37769317626953,90.69622802734375
2014-12-22,68.0035629272461,81.37769317626953,90.8187026977539
2014-12-23,67.93111419677734,80.70343017578125,89.01730346679688
2014-12-24,67.96572875976562,80.76171875,89.50181579589844
2014-12-26,67.94157409667969,80.86915588378906,89.833984375
2014-12-29,68.00596618652344,81.14543914794922,90.50553894042969
2014-12-30,68.03018951416016,81.23745727539062,90.75102996826172
2014-12-31,68.00596618652344,81.3295669555664,90.92436981201172
2015-01-02,68.07845306396484,81.74390411376953,91.93521118164062
2015-01-05,68.07845306396484,82.24270629882812,93.37940979003906
2015-01-06,68.1107177734375,82.79515075683594,95.06181335449219
2015-01-07,68.14290618896484,82.77980041503906,94.87411499023438
2015-01-08,68.13481140136719,82.44222259521484,93.61767578125
2015-01-09,68.19121551513672,82.84888458251953,94.64302062988281
2015-01-12,68.23148345947266,83.14048767089844,95.1845932006836
2015-01-13,68.2717514038086,83.21721649169922,95.1845932006836
2015-01-14,68.31201934814453,83.60088348388672,95.9066390991211
2015-01-15,68.41669464111328,84.31446838378906,97.41586303710938
2015-01-16,68.352294921875,83.69293212890625,96.17385864257812
2015-01-20,68.32007598876953,83.88482666015625,97.45189666748047
2015-01-21,68.32007598876953,83.48577880859375,96.32547760009766
2015-01-22,68.2958984375,83.27863311767578,95.97891998291016
2015-01-23,68.32809448242188,83.82340240478516,97.31472778320312
2015-01-26,68.28783416748047,83.63153839111328,97.0186538696289
2015-01-27,68.32809448242188,83.74665832519531,97.1702651977539
2015-01-28,68.37644958496094,84.39127349853516,98.75889587402344
2015-01-29,68.352294921875,84.09200286865234,98.10901641845703
2015-01-30,68.43282318115234,84.82861328125,99.84922790527344
2015-02-02,68.41106414794922,84.7225570678711,99.47222900390625
2015-02-03,68.35470581054688,84.00775909423828,97.3667984008789
2015-02-04,68.36273193359375,84.14607238769531,97.53316497802734
2015-02-05,68.3385238647461,83.83863067626953,96.46235656738281
2015-02-06,68.17743682861328,82.90093994140625,94.75474548339844
2015-02-09,68.1693344116211,82.86251068115234,94.60284423828125
2015-02-10,68.15322875976562,82.65504455566406,93.85037994384766
2015-02-11,68.16130828857422,82.62422943115234,94.0240249633789
2015-02-12,68.18546295166016,82.65504455566406,93.71287536621094
2015-02-13,68.18546295166016,82.3783187866211,92.75060272216797
2015-02-17,68.15322875976562,81.79421997070312,91.35414123535156
2015-02-18,68.23382568359375,82.1861572265625,91.89682006835938
2015-02-19,68.19351196289062,81.97867584228516,91.28901672363281
2015-02-20,68.18546295166016,81.93251037597656,91.55673217773438
2015-02-23,68.21771240234375,82.30912017822266,92.60586547851562
2015-02-24,68.27406311035156,82.8548583984375,93.8214340209961
2015-02-25,68.27406311035156,82.93170166015625,94.22654724121094
2015-02-26,68.20964813232422,82.4398193359375,92.9387435913086
2015-02-27,68.23382568359375,82.73189544677734,93.7201156616211
2015-03-02,68.17821502685547,82.11595916748047,91.9744873046875
2015-03-03,68.1620864868164,81.93898010253906,91.64097595214844
2015-03-04,68.17821502685547,82.00056457519531,91.669921875
2015-03-05,68.20237731933594,82.0467529296875,91.55400085449219
2015-03-06,68.1298828125,81.20764923095703,89.5313491821289
2015-03-09,68.1620864868164,81.58483123779297,90.3577880859375
2015-03-10,68.17821502685547,81.93128967285156,91.54669952392578
2015-03-11,68.17821502685547,82.07752227783203,92.21366882324219
2015-03-12,68.19432067871094,82.15452575683594,92.14842987060547
2015-03-13,68.20237731933594,82.03133392333984,91.86570739746094
2015-03-16,68.21045684814453,82.31615447998047,92.75017547607422
2015-03-17,68.19432067871094,82.48553466796875,93.5185775756836
2015-03-18,68.35546875,83.43241882324219,95.32366943359375
2015-03-19,68.2668228149414,83.03981018066406,94.83799743652344
2015-03-20,68.31521606445312,83.37852478027344,95.33822631835938
2015-03-23,68.33938598632812,83.48625946044922,95.22219848632812
2015-03-24,68.36357116699219,83.74028015136719,96.14289093017578
2015-03-25,68.34747314453125,83.37852478027344,95.33096313476562
2015-03-26,68.31521606445312,82.9089126586914,93.84480285644531
2015-03-27,68.35546875,83.2322769165039,95.01197814941406
2015-03-30,68.34747314453125,83.22454071044922,94.5407485961914
2015-03-31,68.40389251708984,83.44014739990234,94.7437973022461
2015-04-01,68.43370819091797,83.83718872070312,95.9881591796875
2015-04-02,68.42559051513672,83.59819030761719,94.97109985351562
2015-04-06,68.48200988769531,83.70610809326172,94.44084167480469
2015-04-07,68.43370819091797,83.77549743652344,95.23268127441406
2015-04-08,68.43370819091797,83.69840240478516,95.26173400878906
2015-04-09,68.40951538085938,83.35911560058594,94.02668762207031
2015-04-10,68.39335632324219,83.33596801757812,94.16473388671875
2015-04-13,68.43370819091797,83.50564575195312,94.29554748535156
2015-04-14,68.46591186523438,83.75236511230469,94.9638671875
2015-04-15,68.46591186523438,83.79863739013672,94.88394165039062
2015-04-16,68.49813842773438,83.86032104492188,94.41173553466797
2015-04-17,68.46591186523438,84.02994537353516,95.49422454833984
2015-04-20,68.45789337158203,83.87571716308594,94.65149688720703
2015-04-21,68.46591186523438,83.69840240478516,94.22286224365234
2015-04-22,68.40951538085938,83.21263885498047,92.78449249267578
2015-04-23,68.4417724609375,83.46708679199219,93.18401336669922
2015-04-24,68.46591186523438,83.76005554199219,93.7652587890625
2015-04-27,68.45789337158203,83.6290283203125,93.7652587890625
2015-04-28,68.42559051513672,83.24346923828125,92.47207641601562
2015-04-29,68.43370819091797,82.93508911132812,91.33879852294922
2015-04-30,68.42559051513672,82.91191101074219,91.49860382080078
2015-05-01,68.39738464355469,82.45865631103516,90.26695251464844
2015-05-04,68.39738464355469,82.28877258300781,89.41515350341797
2015-05-05,68.38126373291016,82.14974212646484,89.29143524169922
2015-05-06,68.3570556640625,81.7481460571289,87.76275634765625
2015-05-07,68.33283996582031,82.09565734863281,88.94205474853516
2015-05-08,68.4296646118164,82.41232299804688,89.1822738647461
2015-05-11,68.36512756347656,81.60149383544922,87.01293182373047
2015-05-12,68.37316131591797,81.66325378417969,87.23863220214844
2015-05-13,68.40544891357422,81.55509185791016,86.53975677490234
2015-05-14,68.47000885009766,81.83313751220703,86.7727279663086
2015-05-15,68.47000885009766,82.4200210571289,88.51253509521484
2015-05-18,68.4296646118164,81.86400604248047,87.02749633789062
2015-05-19,68.38931274414062,81.50104522705078,86.25586700439453
2015-05-20,68.4135513305664,81.67867279052734,86.40145874023438
2015-05-21,68.437744140625,82.16517639160156,87.60986328125
2015-05-22,68.38931274414062,81.9798355102539,87.646240234375
2015-05-26,68.39738464355469,82.48947143554688,89.14588928222656
2015-05-27,68.40544891357422,82.44315338134766,89.3497085571289
2015-05-28,68.437744140625,82.52041625976562,89.13126373291016
2015-05-29,68.45380401611328,82.5667495727539,89.32782745361328
2015-06-01,68.41109466552734,82.20246124267578,88.36780548095703
2015-06-02,68.40299987792969,81.63008880615234,87.1349105834961
2015-06-03,68.37881469726562,80.93399810791016,85.73419952392578
2015-06-04,68.38685607910156,81.32841491699219,86.85037231445312
2015-06-05,68.322265625,80.7406234741211,85.79254150390625
2015-06-08,68.36264038085938,80.85665130615234,85.69772338867188
2015-06-09,68.33040618896484,80.5936508178711,85.01924133300781
2015-06-10,68.31427764892578,80.28426361083984,84.27510833740234
2015-06-11,68.33040618896484,80.91848754882812,86.0478744506836
2015-06-12,68.31427764892578,80.87210083007812,86.0478744506836
2015-06-15,68.34654998779297,81.0654296875,86.18647003173828
2015-06-16,68.37073516845703,81.37484741210938,86.86495208740234
2015-06-17,68.41915130615234,81.42127990722656,86.19378662109375
2015-06-18,68.43528747558594,81.35938262939453,85.77064514160156
2015-06-19,68.4514389038086,81.79253387451172,86.87227630615234
2015-06-22,68.40299987792969,81.10418701171875,85.09947967529297
2015-06-23,68.38685607910156,80.85665130615234,84.58881378173828
2015-06-24,68.41915130615234,81.09639739990234,85.318359375
2015-06-25,68.40299987792969,80.89532470703125,85.01924133300781
2015-06-26,68.36264038085938,80.50859069824219,84.06356048583984
2015-06-29,68.47563934326172,81.44445037841797,86.28862762451172
2015-06-30,68.47563934326172,81.22013854980469,85.6904067993164
2015-07-01,68.4175033569336,80.79564666748047,84.53380584716797
2015-07-02,68.52251434326172,81.08224487304688,84.81163024902344
2015-07-06,68.53861999511719,81.65550231933594,86.383544921875
2015-07-07,68.53056335449219,81.87245178222656,87.19510650634766
2015-07-08,68.60321044921875,82.19772338867188,87.94816589355469
2015-07-09,68.55474853515625,81.62454223632812,86.21539306640625
2015-07-10,68.49018096923828,81.05903625488281,84.84814453125
2015-07-13,68.4578628540039,80.84209442138672,84.58496856689453
2015-07-14,68.49018096923828,81.09774017333984,84.86276245117188
2015-07-15,68.51435852050781,81.40760803222656,85.7620620727539
2015-07-16,68.48209381103516,81.37665557861328,86.35428619384766
2015-07-17,68.46595001220703,81.38436889648438,86.80030822753906
2015-07-20,68.42557525634766,81.22169494628906,86.43473815917969
2015-07-21,68.43365478515625,81.44632720947266,86.90262603759766
2015-07-22,68.42557525634766,81.54708099365234,87.44368743896484
2015-07-23,68.43365478515625,81.88017272949219,88.53306579589844
2015-07-24,68.4498062133789,81.95763397216797,88.75238800048828
2015-07-27,68.4982681274414,82.22872924804688,89.22765350341797
2015-07-28,68.48209381103516,81.99637603759766,88.57694244384766
2015-07-29,68.46595001220703,81.88017272949219,88.24795532226562
2015-07-30,68.43365478515625,81.97311401367188,88.92787170410156
2015-07-31,68.50633239746094,82.45341491699219,89.58585357666016
2015-08-03,68.52896118164062,82.70475006103516,90.52889251708984
2015-08-04,68.42391204833984,82.27806854248047,89.81089782714844
2015-08-05,68.43201446533203,81.95994567871094,89.13671875
2015-08-06,68.44815826416016,82.24699401855469,89.9280776977539
2015-08-07,68.41586303710938,82.57283782958984,91.1077880859375
2015-08-10,68.41586303710938,82.23152160644531,89.97940063476562
2015-08-11,68.50473022460938,82.77455139160156,91.4081802368164
2015-08-12,68.50473022460938,82.74356842041016,90.90996551513672
2015-08-13,68.44815826416016,82.52635192871094,90.61685180664062
2015-08-14,68.41586303710938,82.44098663330078,90.82935333251953
2015-08-17,68.45623016357422,82.58838653564453,91.23968505859375
2015-08-18,68.44815826416016,82.45651245117188,90.52157592773438
2015-08-19,68.51277923583984,82.96078491210938,91.41551208496094
2015-08-20,68.48854064941406,83.1858139038086,92.33878326416016
2015-08-21,68.56126403808594,83.51940155029297,92.61722564697266
2015-08-24,68.59358978271484,83.6590347290039,92.5878677368164
2015-08-25,68.56126403808594,83.20130920410156,91.10047912597656
2015-08-26,68.52085876464844,82.68925476074219,89.3418960571289
2015-08-27,68.52896118164062,82.64268493652344,89.3932113647461
2015-08-28,68.49663543701172,82.65821075439453,89.656982421875
2015-08-31,68.4723892211914,82.51853942871094,88.96825408935547
2015-09-01,68.49662780761719,82.88922119140625,89.6092758178711
2015-09-02,68.51280212402344,82.66385650634766,88.83822631835938
2015-09-03,68.51280212402344,82.86592864990234,89.27149200439453
2015-09-04,68.52086639404297,83.12236022949219,90.08654022216797
2015-09-08,68.49662780761719,82.75709533691406,88.75747680664062
2015-09-09,68.48046112060547,82.78823852539062,89.18335723876953
2015-09-10,68.50472259521484,82.60174560546875,88.58123016357422
2015-09-11,68.52896118164062,82.81929779052734,89.1393051147461
2015-09-14,68.51280212402344,82.89701080322266,89.2788314819336
2015-09-15,68.415771484375,82.24427795410156,87.56781768798828
2015-09-16,68.40777587890625,82.220947265625,87.23739624023438
2015-09-17,68.5613021850586,82.9047622680664,88.30217742919922
2015-09-18,68.5936279296875,83.29328918457031,89.66068267822266
2015-09-21,68.5531997680664,82.81929779052734,88.19937133789062
2015-09-22,68.5936279296875,83.23116302490234,89.4256820678711
2015-09-23,68.56936645507812,83.13787078857422,89.41832733154297
2015-09-24,68.60977172851562,83.2622299194336,90.0278091430664
2015-09-25,68.57740783691406,83.04461669921875,89.24947357177734
2015-09-28,68.6259765625,83.51862335205078,90.77685546875
2015-09-29,68.65824890136719,83.80613708496094,91.03386688232422
2015-09-30,68.67440032958984,83.82171630859375,90.71805572509766
2015-10-01,68.67439270019531,83.88711547851562,91.10518646240234
2015-10-02,68.7713623046875,84.29177856445312,91.65705871582031
2015-10-05,68.72290802001953,83.82477569580078,90.41342163085938
2015-10-06,68.71479797363281,83.99600219726562,90.80347442626953
2015-10-07,68.6987075805664,83.78589630126953,90.5018081665039
2015-10-08,68.68246459960938,83.5680160522461,89.74385070800781
2015-10-09,68.68246459960938,83.61470031738281,89.97930908203125
2015-10-12,68.66630554199219,83.89486694335938,90.66366577148438
2015-10-13,68.69056701660156,83.97266387939453,90.81814575195312
2015-10-14,68.78755950927734,84.43185424804688,91.6129150390625
2015-10-15,68.74717712402344,84.14386749267578,91.16401672363281
2015-10-16,68.71479797363281,84.0738296508789,91.19347381591797
2015-10-19,68.73907470703125,84.03486633300781,90.94331359863281
2015-10-20,68.6987075805664,83.74699401855469,90.38400268554688
2015-10-21,68.72290802001953,84.03486633300781,91.28173065185547
2015-10-22,68.74717712402344,84.12056732177734,91.43629455566406
2015-10-23,68.69056701660156,83.64576721191406,90.65629577636719
2015-10-26,68.69056701660156,83.86372375488281,91.2596664428711
2015-10-27,68.71479797363281,84.0738296508789,91.48780059814453
2015-10-28,68.62594604492188,83.63805389404297,91.11986541748047
2015-10-29,68.57738494873047,83.12434387207031,89.67024993896484
2015-10-30,68.57738494873047,83.287841796875,90.34722900390625
2015-11-02,68.5378189086914,83.04854583740234,89.93208312988281
2015-11-03,68.52970886230469,82.83030700683594,89.1946029663086
2015-11-04,68.4568862915039,82.74454498291016,89.29784393310547
2015-11-05,68.4568862915039,82.68997192382812,89.06183624267578
2015-11-06,68.3921890258789,82.1287841796875,87.75658416748047
2015-11-09,68.37602996826172,81.98855590820312,87.26248931884766
2015-11-10,68.4083480834961,82.14441680908203,87.52059173583984
2015-11-11,68.3921890258789,82.10539245605469,87.33618927001953
2015-11-12,68.41644287109375,82.15221405029297,87.75658416748047
2015-11-13,68.47305297851562,82.46391296386719,88.25801849365234
2015-11-16,68.47305297851562,82.57305145263672,88.17692565917969
2015-11-17,68.44880676269531,82.5497055053711,88.32440948486328
2015-11-18,68.4245376586914,82.5107192993164,88.50875091552734
2015-11-19,68.4083480834961,82.68997192382812,89.0987548828125
2015-11-20,68.4083480834961,82.58086395263672,88.82587432861328
2015-11-23,68.4002685546875,82.68997192382812,89.0987548828125
2015-11-24,68.4002685546875,82.7679214477539,89.0913314819336
2015-11-25,68.4083480834961,82.81470489501953,89.29784393310547
2015-11-27,68.4245376586914,82.90042114257812,89.20931243896484
2015-11-30,68.4002685546875,82.93164825439453,89.56332397460938
2015-12-01,68.44151306152344,83.37263488769531,90.7730712890625
2015-12-02,68.38489532470703,83.13853454589844,90.80262756347656
2015-12-03,68.38489532470703,82.26417541503906,88.33434295654297
2015-12-04,68.401123046875,82.56861877441406,89.11026763916016
2015-12-07,68.39298248291016,82.83399200439453,89.97493743896484
2015-12-08,68.38489532470703,82.8808822631836,90.01927947998047
2015-12-09,68.40918731689453,83.00580596923828,89.92326354980469
2015-12-10,68.36871337890625,82.82622528076172,90.0414810180664
2015-12-11,68.44962310791016,83.48981475830078,91.46037292480469
2015-12-14,68.36871337890625,82.873046875,90.27796936035156
2015-12-15,68.36058807373047,82.66231536865234,89.74588775634766
2015-12-16,68.3039779663086,82.44374084472656,89.55369567871094
2015-12-17,68.3039779663086,82.7872314453125,90.56613159179688
2015-12-18,68.39298248291016,83.08384704589844,91.06868743896484
2015-12-21,68.38489532470703,83.12294006347656,91.0465316772461
2015-12-22,68.36871337890625,82.88867950439453,90.38882446289062
2015-12-23,68.34442901611328,82.70134735107422,89.7088851928711
2015-12-24,68.37113189697266,82.85298919677734,90.22288513183594
2015-12-28,68.33068084716797,82.86866760253906,90.48945617675781
2015-12-29,68.314453125,82.43083190917969,88.98609924316406
2015-12-30,68.33068084716797,82.46212005615234,88.89727020263672
2015-12-31,68.29827880859375,82.5558853149414,89.29714965820312
2016-01-04,68.38731384277344,82.90769958496094,89.94144439697266
2016-01-05,68.34687042236328,82.88431549072266,89.57859802246094
2016-01-06,68.38731384277344,83.38472747802734,90.78568267822266
2016-01-07,68.41159057617188,83.56449127197266,90.94862365722656
2016-01-08,68.46022033691406,83.77560424804688,91.35591125488281
2016-01-11,68.4844970703125,83.50975799560547,90.35616302490234
2016-01-12,68.4926528930664,83.88506317138672,91.65957641601562
2016-01-13,68.53305053710938,84.21339416503906,92.56306457519531
2016-01-14,68.54930877685547,84.04145050048828,91.69656372070312
2016-01-15,68.60594177246094,84.4323959350586,93.12590789794922
2016-01-19,68.59786224365234,84.32290649414062,92.83702850341797
2016-01-20,68.6463851928711,84.73726654052734,93.8145980834961
2016-01-21,68.63835906982422,84.52616882324219,93.1777114868164
2016-01-22,68.6140365600586,84.3385238647461,92.82225036621094
2016-01-25,68.6140365600586,84.61998748779297,93.3258056640625
2016-01-26,68.6463851928711,84.68253326416016,93.37026977539062
2016-01-27,68.66258239746094,84.74508666992188,93.34803771972656
2016-01-28,68.66258239746094,84.85460662841797,93.4813461303711
2016-01-29,68.74356079101562,85.30809020996094,94.27372741699219
2016-02-01,68.70712280273438,85.11152648925781,93.98509216308594
2016-02-02,68.79623413085938,85.71442413330078,95.7287826538086
2016-02-03,68.81239318847656,85.62039184570312,94.9348373413086
2016-02-04,68.82860565185547,85.82405090332031,95.39485931396484
2016-02-05,68.81239318847656,85.93365478515625,95.50615692138672
2016-02-08,68.89341735839844,86.57568359375,97.56137084960938
2016-02-09,68.86913299560547,86.59135437011719,97.6653060913086
2016-02-10,68.86913299560547,86.84977722167969,98.52597045898438
2016-02-11,68.93394470214844,87.24910736083984,99.21600341796875
2016-02-12,68.85292053222656,86.58352661132812,97.56881713867188
2016-02-16,68.81239318847656,86.32516479492188,96.53749084472656
2016-02-17,68.82860565185547,86.11375427246094,95.94393920898438
2016-02-18,68.88532257080078,86.51303100585938,97.1236572265625
2016-02-19,68.82050323486328,86.51303100585938,97.20525360107422
2016-02-22,68.82860565185547,86.42696380615234,97.15328216552734
2016-02-23,68.83675384521484,86.59921264648438,97.54660034179688
2016-02-24,68.85292053222656,86.59921264648438,97.35364532470703
2016-02-25,68.86913299560547,86.8575668334961,97.70234680175781
2016-02-26,68.78001403808594,86.43474578857422,96.76004791259766
2016-02-29,68.82050323486328,86.57568359375,97.1829833984375
2016-03-01,68.7289047241211,85.89900970458984,95.47174072265625
2016-03-02,68.72081756591797,85.7500228881836,95.86569213867188
2016-03-03,68.74515533447266,85.85194396972656,96.21510314941406
2016-03-04,68.69652557373047,85.56187438964844,95.59813690185547
2016-03-07,68.64790344238281,85.38935852050781,95.56838989257812
2016-03-08,68.69652557373047,85.88335418701172,96.62398529052734
2016-03-09,68.67219543457031,85.54617309570312,96.03673553466797
2016-03-10,68.66407775878906,85.24034881591797,95.64274597167969
2016-03-11,68.5992431640625,84.99732208251953,94.67634582519531
2016-03-14,68.5992431640625,85.06000518798828,94.97370147705078
2016-03-15,68.6235580444336,85.04432678222656,95.0628662109375
2016-03-16,68.76136779785156,85.49130249023438,95.34534454345703
2016-03-17,68.7532730102539,85.58538055419922,95.73939514160156
2016-03-18,68.76947784423828,85.73432159423828,95.94005584716797
2016-03-21,68.76136779785156,85.49130249023438,95.2041244506836
2016-03-22,68.72081756591797,85.31094360351562,95.18183135986328
2016-03-23,68.76136779785156,85.70301818847656,96.25971221923828
2016-03-24,68.7289047241211,85.61674499511719,96.29688262939453
2016-03-28,68.74515533447266,85.74220275878906,96.42328643798828
2016-03-29,68.87481689453125,86.32241821289062,97.43428802490234
2016-03-30,68.88296508789062,86.204833984375,96.40840911865234
2016-03-31,68.91535186767578,86.51848602294922,97.09232330322266
2016-04-01,68.87560272216797,86.49334716796875,97.34555053710938
2016-04-04,68.92426300048828,86.59539794921875,97.40515899658203
2016-04-05,68.9485855102539,86.94094848632812,98.47041320800781
2016-04-06,68.92426300048828,86.75247955322266,97.75529479980469
2016-04-07,68.9647445678711,87.2000961303711,98.9620132446289
2016-04-08,68.9647445678711,87.06663513183594,98.3363265991211
2016-04-11,68.95672607421875,87.05084228515625,98.20970153808594
2016-04-12,68.94046783447266,86.70536041259766,97.53179931640625
2016-04-13,68.9080581665039,86.7681655883789,97.87446594238281
2016-04-14,68.9080581665039,86.56402587890625,97.40515899658203
2016-04-15,68.95672607421875,86.82320404052734,98.23947143554688
2016-04-18,68.9485855102539,86.73678588867188,97.81485748291016
2016-04-19,68.92426300048828,86.59539794921875,97.50946807861328
2016-04-20,68.87560272216797,86.15564727783203,96.436767578125
2016-04-21,68.85939025878906,86.01431274414062,95.86321258544922
2016-04-22,68.85939025878906,85.92007446289062,95.61740112304688
2016-04-25,68.84318542480469,85.82581329345703,95.22256469726562
2016-04-26,68.82694244384766,85.64521789550781,94.79051971435547
2016-04-27,68.87560272216797,86.11638641357422,95.73651885986328
2016-04-28,68.9161605834961,86.414794921875,96.1313705444336
2016-04-29,68.94046783447266,86.38337707519531,96.37718200683594
2016-05-02,68.91533660888672,86.13250732421875,95.40685272216797
2016-05-03,68.98835754394531,86.64372253417969,96.60855865478516
2016-05-04,68.9802474975586,86.80101013183594,97.1385498046875
2016-05-05,69.00456237792969,87.0369644165039,97.78788757324219
2016-05-06,68.98835754394531,86.83245086669922,97.36991119384766
2016-05-09,69.0207748413086,86.99763488769531,97.67591857910156
2016-05-10,69.03709411621094,86.98190307617188,97.68340301513672
2016-05-11,69.01268005371094,87.11556243896484,98.23575592041016
2016-05-12,68.97210693359375,86.87965393066406,97.78788757324219
2016-05-13,68.9802474975586,87.20996856689453,98.73585510253906
2016-05-16,68.94779968261719,86.89543914794922,97.88494110107422
2016-05-17,68.9234390258789,86.77738189697266,98.04914855957031
2016-05-18,68.80171203613281,86.07746124267578,96.65337371826172
2016-05-19,68.8179702758789,86.16394805908203,97.07135772705078
2016-05-20,68.8423080444336,86.218994140625,97.14595031738281
2016-05-23,68.8342056274414,86.27410125732422,97.36246490478516
2016-05-24,68.7854995727539,86.13250732421875,96.9295425415039
2016-05-25,68.82604217529297,86.0931396484375,96.56378173828125
2016-05-26,68.86663055419922,86.36060333251953,97.06388092041016
2016-05-27,68.82604217529297,86.19544219970703,96.92207336425781
2016-05-31,68.85848999023438,86.29766082763672,97.15349578857422
2016-06-01,68.81062316894531,86.26851654052734,97.547607421875
2016-06-02,68.86744689941406,86.53636932373047,98.25067901611328
2016-06-03,68.98113250732422,87.33967590332031,99.64932250976562
2016-06-06,68.96484375,87.11128997802734,98.90886688232422
2016-06-07,68.98113250732422,87.23729705810547,99.148193359375
2016-06-08,68.99738311767578,87.33967590332031,99.67928314208984
2016-06-09,69.01358795166016,87.47358703613281,100.322509765625
2016-06-10,69.05419158935547,87.78073120117188,100.8086929321289
2016-06-13,69.07044982910156,87.95408630371094,101.2574462890625
2016-06-14,69.07857513427734,87.93040466308594,101.18265533447266
2016-06-15,69.15972900390625,88.19818115234375,101.57158660888672
2016-06-16,69.11917114257812,88.29271697998047,102.06523132324219
2016-06-17,69.1272964477539,87.99341583251953,101.42948150634766
2016-06-20,69.0866928100586,87.61534881591797,100.34498596191406
2016-06-21,69.03800964355469,87.41845703125,99.8812255859375
2016-06-22,69.06232452392578,87.59175109863281,100.04573822021484
2016-06-23,69.03800964355469,87.17430877685547,98.90145874023438
2016-06-24,69.2003402709961,88.37934875488281,101.55658721923828
2016-06-27,69.24093627929688,89.14338684082031,104.0921630859375
2016-06-28,69.26529693603516,89.12757110595703,104.30908203125
2016-06-29,69.24093627929688,88.76527404785156,103.50875091552734
2016-06-30,69.27345275878906,88.96218872070312,103.89024353027344
2016-07-01,69.29780578613281,89.197265625,105.33268737792969
2016-07-05,69.33032989501953,89.686279296875,106.65144348144531
2016-07-06,69.29780578613281,89.70206451416016,106.82379913330078
2016-07-07,69.26533508300781,89.58370208740234,106.81636047363281
2016-07-08,69.26533508300781,89.75725555419922,107.6031723022461
2016-07-11,69.1921615600586,89.28400421142578,106.65904235839844
2016-07-12,69.16783905029297,88.75556182861328,104.90557098388672
2016-07-13,69.18406677246094,88.98428344726562,106.14195251464844
2016-07-14,69.14340209960938,88.61357879638672,104.59840393066406
2016-07-15,69.1109619140625,88.2744140625,103.69913482666016
2016-07-18,69.15155029296875,88.25077056884766,103.6017837524414
2016-07-19,69.1596908569336,88.48738098144531,104.18624877929688
2016-07-20,69.12718200683594,88.30598449707031,103.61675262451172
2016-07-21,69.1759262084961,88.50310516357422,103.82653045654297
2016-07-22,69.15155029296875,88.43219757080078,104.00635528564453
2016-07-25,69.1028060913086,88.36122131347656,103.93147277832031
2016-07-26,69.1109619140625,88.4164047241211,104.09624481201172
2016-07-27,69.1596908569336,88.79501342773438,105.39266967773438
2016-07-28,69.15155029296875,88.84233093261719,105.19775390625
2016-07-29,69.24090576171875,89.18144226074219,106.07452392578125
2016-08-01,69.21733093261719,88.87186431884766,104.92445373535156
2016-08-02,69.19293975830078,88.65863037109375,103.84349060058594
2016-08-03,69.20110321044922,88.70597839355469,103.90351867675781
2016-08-04,69.24982452392578,88.91925048828125,104.68415832519531
2016-08-05,69.15232849121094,88.36637115478516,103.59568786621094
2016-08-08,69.12791442871094,88.3189697265625,103.79093170166016
2016-08-09,69.1685791015625,88.63490295410156,104.8118896484375
2016-08-10,69.20110321044922,88.87186431884766,105.21720886230469
2016-08-11,69.13604736328125,88.44535827636719,104.27886962890625
2016-08-12,69.18480682373047,88.76123046875,105.15718078613281
2016-08-15,69.1685791015625,88.50066375732422,104.1662826538086
2016-08-16,69.14415740966797,88.35057830810547,103.88848114013672
2016-08-17,69.14415740966797,88.49271392822266,104.51154327392578
2016-08-18,69.19293975830078,88.65074157714844,104.67674255371094
2016-08-19,69.12791442871094,88.35057830810547,104.12874603271484
2016-08-22,69.13604736328125,88.54804992675781,105.00701141357422
2016-08-23,69.14415740966797,88.5401611328125,105.11965942382812
2016-08-24,69.12791442871094,88.50857543945312,104.87194061279297
2016-08-25,69.10352325439453,88.36637115478516,104.4739761352539
2016-08-26,69.03853607177734,88.0267562866211,103.86597442626953
2016-08-29,69.07917785644531,88.38999938964844,105.25477600097656
2016-08-30,69.08729553222656,88.38215637207031,104.84940338134766
2016-08-31,69.07917785644531,88.27948760986328,104.99952697753906
2016-09-01,69.11168670654297,88.41786193847656,105.11534118652344
2016-09-02,69.11168670654297,88.18851470947266,104.25801849365234
2016-09-06,69.16053771972656,88.59980010986328,105.0176010131836
2016-09-07,69.16053771972656,88.64724731445312,104.9424057006836
2016-09-08,69.11168670654297,88.21226501464844,103.62628173828125
2016-09-09,69.0873031616211,87.79302978515625,101.91912078857422
2016-09-12,69.11168670654297,87.87210845947266,101.97177124023438
2016-09-13,69.0873031616211,87.54788208007812,100.81355285644531
2016-09-14,69.12796783447266,87.74555206298828,100.9639663696289
2016-09-15,69.18487548828125,87.7693099975586,100.52779388427734
2016-09-16,69.15238952636719,87.86421203613281,101.3399887084961
2016-09-19,69.13606262207031,87.71395874023438,101.0090560913086
2016-09-20,69.11983489990234,87.84846496582031,101.36257934570312
2016-09-21,69.13606262207031,87.99079895019531,102.18228912353516
2016-09-22,69.11983489990234,88.25182342529297,102.9945297241211
2016-09-23,69.16053771972656,88.29135131835938,102.89675903320312
2016-09-26,69.2011947631836,88.54444885253906,103.55110168457031
2016-09-27,69.20929718017578,88.69468688964844,104.31067657470703
2016-09-28,69.2011947631836,88.6551513671875,104.08504486083984
2016-09-29,69.22551727294922,88.71051788330078,104.34822082519531
2016-09-30,69.16861724853516,88.48907470703125,103.41571044921875
2016-10-03,69.15971374511719,88.28316497802734,103.0743637084961
2016-10-04,69.10271453857422,87.87926483154297,101.86897277832031
2016-10-05,69.06199645996094,87.6812515258789,101.394287109375
2016-10-06,69.06199645996094,87.49907684326172,100.82923889160156
2016-10-07,69.08643341064453,87.62581634521484,100.89704132080078
2016-10-10,69.05388641357422,87.39615631103516,100.30184173583984
2016-10-11,69.04574584960938,87.37236785888672,100.0758056640625
2016-10-12,69.04574584960938,87.37236785888672,100.1737060546875
2016-10-13,69.0702133178711,87.55453491210938,100.55043029785156
2016-10-14,69.05388641357422,87.28526306152344,99.14157104492188
2016-10-17,69.11083221435547,87.47530364990234,99.77444458007812
2016-10-18,69.1352310180664,87.64958953857422,100.09840393066406
2016-10-19,69.1352310180664,87.68917083740234,100.18134307861328
2016-10-20,69.10271453857422,87.6099624633789,100.28679656982422
2016-10-21,69.1189956665039,87.70498657226562,100.43743133544922
2016-10-24,69.09454345703125,87.58621215820312,100.00044250488281
2016-10-25,69.09454345703125,87.57035827636719,100.26411437988281
2016-10-26,69.0702133178711,87.38027954101562,99.58609008789062
2016-10-27,69.08643341064453,87.07930755615234,98.501220703125
2016-10-28,69.08643341064453,87.09518432617188,98.28273010253906
2016-10-31,69.1352310180664,87.16643524169922,98.88538360595703
2016-11-01,69.1360855102539,87.16959381103516,98.89293670654297
2016-11-02,69.17680358886719,87.43136596679688,99.3232192993164
2016-11-03,69.18495178222656,87.37582397460938,98.56082916259766
2016-11-04,69.20938110351562,87.6455078125,99.44400024414062
2016-11-07,69.18495178222656,87.28064727783203,98.59859466552734
2016-11-08,69.11163330078125,86.97135925292969,98.19849395751953
2016-11-09,69.0220718383789,85.6468734741211,94.03174591064453
2016-11-10,68.99761962890625,85.1313247680664,92.64283752441406
2016-11-11,68.99761962890625,84.95687103271484,92.12198638916016
2016-11-14,68.8917465209961,84.4651870727539,91.57090759277344
2016-11-15,68.91616821289062,84.4651870727539,92.02386474609375
2016-11-16,68.9080810546875,84.54446411132812,92.85419464111328
2016-11-17,68.89986419677734,84.17169189453125,91.48787689208984
2016-11-18,68.85919952392578,83.79896545410156,91.22366333007812
2016-11-21,68.85107421875,83.87030792236328,91.45014953613281
2016-11-22,68.83479309082031,83.94962310791016,91.41995239257812
2016-11-23,68.79410552978516,83.64828491210938,91.0651626586914
2016-11-25,68.78591918945312,83.57688903808594,91.20105743408203
2016-11-28,68.82664489746094,83.9575424194336,91.87289428710938
2016-11-29,68.83479309082031,84.0448226928711,92.25786590576172
2016-11-30,68.81031799316406,83.48170471191406,90.76319122314453
2016-12-01,68.77778625488281,83.16321563720703,89.804931640625
2016-12-02,68.8510513305664,83.5364761352539,90.46292114257812
2016-12-05,68.8510513305664,83.50470733642578,90.36460876464844
2016-12-06,68.83478546142578,83.5364761352539,90.29652404785156
2016-12-07,68.85923767089844,83.81452941894531,91.06803131103516
2016-12-08,68.8510513305664,83.49679565429688,89.99401092529297
2016-12-09,68.84288787841797,83.06790161132812,88.8745346069336
2016-12-12,68.81847381591797,83.08379364013672,89.04096984863281
2016-12-13,68.81037139892578,83.13148498535156,89.35861206054688
2016-12-14,68.67994689941406,82.44047546386719,88.36016845703125
2016-12-15,68.64737701416016,82.21013641357422,88.80645751953125
2016-12-16,68.67994689941406,82.31340789794922,88.602294921875
2016-12-19,68.7125473022461,82.69467163085938,89.5552749633789
2016-12-20,68.72071075439453,82.51988983154297,89.10902404785156
2016-12-21,68.7533187866211,82.65492248535156,89.50237274169922
2016-12-22,68.77043151855469,82.61913299560547,89.34233093261719
2016-12-23,68.77043151855469,82.69864654541016,89.52433013916016
2016-12-27,68.73783111572266,82.57936096191406,89.23617553710938
2016-12-28,68.76229095458984,82.88166809082031,89.88834381103516
2016-12-29,68.83565521240234,83.13618469238281,90.2068862915039
2016-12-30,68.86013793945312,83.3828353881836,90.3433837890625
2017-01-03,68.80305480957031,83.34302520751953,90.73013305664062
2017-01-04,68.81936645507812,83.4384765625,91.07892608642578
2017-01-05,68.8682632446289,83.9793930053711,92.50468444824219
2017-01-06,68.81122589111328,83.59757232666016,91.65531921386719
2017-01-09,68.8682632446289,83.91580200195312,92.39095306396484
2017-01-10,68.84382629394531,83.87601470947266,92.33027648925781
2017-01-11,68.87642669677734,83.9714584350586,92.6412124633789
2017-01-12,68.90086364746094,84.01919555664062,92.4364242553711
2017-01-13,68.8682632446289,83.83624267578125,91.99659729003906
2017-01-17,68.9172134399414,84.25784301757812,92.95972442626953
2017-01-18,68.85198211669922,83.66118621826172,91.76908874511719
2017-01-19,68.8275375366211,83.34302520751953,91.13964080810547
2017-01-20,68.8682632446289,83.3828353881836,90.95764923095703
2017-01-23,68.93355560302734,83.8202896118164,91.86766815185547
2017-01-24,68.8926773071289,83.50210571289062,91.23824310302734
2017-01-25,68.87642669677734,83.08844757080078,90.09310150146484
2017-01-26,68.88459014892578,83.1998519897461,90.39647674560547
2017-01-27,68.9172134399414,83.30325317382812,90.7225341796875
2017-01-30,68.9172134399414,83.2794189453125,90.44953918457031
2017-01-31,68.93355560302734,83.56578063964844,91.07892608642578
2017-02-01,68.9098129272461,83.4056396484375,90.51580810546875
2017-02-02,68.93431854248047,83.43753051757812,90.47779846191406
2017-02-03,68.9098129272461,83.50120544433594,90.4398193359375
2017-02-06,68.98329162597656,83.89952850341797,90.98699951171875
2017-02-07,68.96697998046875,84.05088806152344,91.65581512451172
2017-02-08,69.0322036743164,84.39354705810547,92.90220642089844
2017-02-09,68.97515106201172,83.89161682128906,91.83065032958984
2017-02-10,68.96697998046875,83.8358154296875,91.77741241455078
2017-02-13,68.95066833496094,83.7083740234375,91.48859405517578
2017-02-14,68.9017105102539,83.4056396484375,90.82743835449219
2017-02-15,68.87721252441406,83.24626159667969,90.40940856933594
2017-02-16,68.9098129272461,83.5809097290039,90.90340423583984
2017-02-17,68.95880126953125,83.80397033691406,91.44297790527344
2017-02-21,68.96697998046875,83.76412200927734,91.28340911865234
2017-02-22,68.98329162597656,83.89952850341797,91.4354019165039
2017-02-23,69.01593017578125,84.12260437011719,91.70901489257812
2017-02-24,69.04853057861328,84.5130386352539,92.72740173339844
2017-02-27,68.9914321899414,84.21029663085938,92.18023681640625
2017-02-28,68.95880126953125,84.17041778564453,92.5221939086914
2017-03-01,68.9048843383789,83.58407592773438,90.97183227539062
2017-03-02,68.83145141601562,83.34471130371094,90.64445495605469
2017-03-03,68.8477554321289,83.42449188232422,90.88050842285156
2017-03-06,68.86406707763672,83.40857696533203,90.44645690917969
2017-03-07,68.83960723876953,83.2889175415039,90.17236328125
2017-03-08,68.78248596191406,83.00963592529297,89.68500518798828
2017-03-09,68.77430725097656,82.77828216552734,88.9692153930664
2017-03-10,68.81510162353516,82.95382690429688,89.28144073486328
2017-03-13,68.78248596191406,82.74639892578125,88.71797943115234
2017-03-14,68.77430725097656,82.8341293334961,89.14435577392578
2017-03-15,68.9048843383789,83.56011962890625,90.23326873779297
2017-03-16,68.85590362548828,83.32875061035156,89.77633666992188
2017-03-17,68.88861083984375,83.5521469116211,90.33985900878906
2017-03-20,68.92938995361328,83.75160217285156,90.72820281982422
2017-03-21,68.96208190917969,84.03082275390625,91.48211669921875
2017-03-22,68.9783935546875,84.19039154052734,91.84756469726562
2017-03-23,68.9783935546875,84.10262298583984,91.7181396484375
2017-03-24,68.9783935546875,84.15052795410156,92.04553985595703
2017-03-27,69.0029067993164,84.35790252685547,92.46435546875
2017-03-28,68.97028350830078,84.07074737548828,91.84756469726562
2017-03-29,69.01101684570312,84.31005859375,92.39580535888672
2017-03-30,68.9947280883789,84.07074737548828,91.64957427978516
2017-03-31,69.0029067993164,84.23824310302734,91.91608428955078
2017-04-03,69.06660461425781,84.6529541015625,92.84320831298828
2017-04-04,69.04212951660156,84.53307342529297,92.33960723876953
2017-04-05,69.04212951660156,84.6928939819336,92.62193298339844
2017-04-06,69.05841827392578,84.63694763183594,92.48458862304688
2017-04-07,68.9686050415039,84.38127136230469,92.1106948852539
2017-04-10,69.00126647949219,84.53307342529297,92.53801727294922
2017-04-11,69.06660461425781,84.92459869384766,93.41555786132812
2017-04-12,69.11561584472656,85.18827056884766,93.92676544189453
2017-04-13,69.14830780029297,85.44393157958984,94.21678161621094
2017-04-17,69.14015197753906,85.30810546875,93.92676544189453
2017-04-18,69.1972885131836,85.79545593261719,95.15533447265625
2017-04-19,69.16464233398438,85.57176208496094,94.63642883300781
2017-04-20,69.15648651123047,85.3800048828125,94.27014923095703
2017-04-21,69.18915557861328,85.41992950439453,94.27014923095703
2017-04-24,69.11561584472656,85.24419403076172,93.80471801757812
2017-04-25,69.05028533935547,84.80471801757812,92.6753158569336
2017-04-26,69.07478332519531,85.02843475341797,93.18661499023438
2017-04-27,69.09931182861328,85.08436584472656,93.15609741210938
2017-04-28,69.13199615478516,85.17227172851562,93.36213684082031
2017-05-01,69.08451843261719,84.98822784423828,92.5859375
2017-05-02,69.10908508300781,85.16423034667969,93.06006622314453
2017-05-03,69.06002044677734,84.98822784423828,93.12125396728516
2017-05-04,69.0518569946289,84.79619598388672,92.6624526977539
2017-05-05,69.07633209228516,84.81217956542969,92.74659729003906
2017-05-08,69.04364776611328,84.60413360595703,92.24187469482422
2017-05-09,69.01095581054688,84.50810241699219,92.23422241210938
2017-05-10,69.02733612060547,84.47608947753906,92.1271743774414
2017-05-11,69.03550720214844,84.54010772705078,92.1271743774414
2017-05-12,69.11725616455078,84.97222137451172,92.8230209350586
2017-05-15,69.10908508300781,84.91622924804688,92.57070922851562
2017-05-16,69.10908508300781,85.02825164794922,92.91478729248047
2017-05-17,69.18265533447266,85.70841217041016,94.26826477050781
2017-05-18,69.14996337890625,85.68440246582031,94.37527465820312
2017-05-19,69.16630554199219,85.66040802001953,94.59703063964844
2017-05-22,69.14179229736328,85.5643539428711,94.33708190917969
2017-05-23,69.11725616455078,85.34027862548828,93.70244598388672
2017-05-24,69.15812683105469,85.51634979248047,94.23004913330078
2017-05-25,69.15812683105469,85.5643539428711,94.26061248779297
2017-05-26,69.14996337890625,85.62034606933594,94.42120361328125
2017-05-30,69.17451477050781,85.83641052246094,94.88762664794922
2017-05-31,69.18265533447266,85.87648010253906,95.12469482421875
2017-06-01,69.1695556640625,85.83154296875,95.1346664428711
2017-06-02,69.2186508178711,86.208251953125,96.26112365722656
2017-06-05,69.16139221191406,86.0639419555664,95.66333770751953
2017-06-06,69.1859130859375,86.33647918701172,96.1844482421875
2017-06-07,69.16139221191406,86.1761245727539,95.72472381591797
2017-06-08,69.14502716064453,86.03994750976562,95.4717788696289
2017-06-09,69.12047576904297,85.95982360839844,95.32622528076172
2017-06-12,69.11229705810547,85.94380187988281,95.29560089111328
2017-06-13,69.11229705810547,85.9758071899414,95.31088256835938
2017-06-14,69.14502716064453,86.42457580566406,96.78217315673828
2017-06-15,69.12047576904297,86.27235412597656,96.62889099121094
2017-06-16,69.15318298339844,86.3204345703125,96.82050323486328
2017-06-19,69.11229705810547,86.08003234863281,96.68252563476562
2017-06-20,69.12047576904297,86.29641723632812,97.54843139648438
2017-06-21,69.12861633300781,86.288330078125,97.74769592285156
2017-06-22,69.1368179321289,86.36851501464844,97.96222686767578
2017-06-23,69.17776489257812,86.39253234863281,97.91627502441406
2017-06-26,69.17776489257812,86.46467590332031,98.28404235839844
2017-06-27,69.1368179321289,86.03994750976562,97.23426818847656
2017-06-28,69.1695556640625,85.95982360839844,96.91244506835938
2017-06-29,69.12861633300781,85.63921356201172,96.10015869140625
2017-06-30,69.12861633300781,85.43887329101562,95.87794494628906
2017-07-03,69.0770492553711,85.12504577636719,95.5692367553711
2017-07-05,69.10163879394531,85.18927001953125,95.59228515625
2017-07-06,69.11800384521484,85.02873229980469,94.80140686035156
2017-07-07,69.10981750488281,84.89229583740234,94.23320770263672
2017-07-10,69.14259338378906,85.00464630126953,94.37138366699219
2017-07-11,69.1671371459961,85.11705780029297,94.53258514404297
2017-07-12,69.19990539550781,85.36585235595703,95.18537902832031
2017-07-13,69.1671371459961,85.27752685546875,94.5864028930664
2017-07-14,69.19990539550781,85.39794158935547,94.70155334472656
2017-07-17,69.20809173583984,85.50225067138672,94.96261596679688
2017-07-18,69.22447967529297,85.81529235839844,95.79192352294922
2017-07-19,69.22447967529297,85.81529235839844,95.830322265625
2017-07-20,69.22447967529297,85.83940124511719,96.10675811767578
2017-07-21,69.25723266601562,85.99185943603516,96.51372528076172
2017-07-24,69.23265838623047,85.93568420410156,96.13751983642578
2017-07-25,69.19171142578125,85.45408630371094,94.88587951660156
2017-07-26,69.24079895019531,85.72701263427734,95.03943634033203
2017-07-27,69.22447967529297,85.59058380126953,94.571044921875
2017-07-28,69.26539611816406,85.73501586914062,95.131591796875
2017-07-31,69.25723266601562,85.75911712646484,95.24671936035156
2017-08-01,69.2826156616211,85.97216033935547,95.9154281616211
2017-08-02,69.24981689453125,85.8917465209961,95.96939086914062
2017-08-03,69.27442932128906,86.1891860961914,96.96204376220703
2017-08-04,69.24981689453125,85.95606231689453,96.13864135742188
2017-08-07,69.27442932128906,86.0042724609375,96.24639892578125
2017-08-08,69.27442932128906,85.93193817138672,95.90013122558594
2017-08-09,69.26620483398438,86.03646087646484,96.42337036132812
2017-08-10,69.29082489013672,86.35796356201172,97.24679565429688
2017-08-11,69.38096618652344,86.45445251464844,97.29293060302734
2017-08-14,69.32361602783203,86.24545288085938,96.79277038574219
2017-08-15,69.29082489013672,85.98821258544922,96.38491821289062
2017-08-16,69.33175659179688,86.14897918701172,96.7388916015625
2017-08-17,69.34819793701172,86.45445251464844,97.4622573852539
2017-08-18,69.33997344970703,86.47051239013672,97.43917846679688
2017-08-21,69.35639190673828,86.52680206298828,97.67774963378906
2017-08-22,69.34819793701172,86.35796356201172,97.3006591796875
2017-08-23,69.41374206542969,86.65544891357422,97.96248626708984
2017-08-24,69.34819793701172,86.51878356933594,97.60078430175781
2017-08-25,69.37276458740234,86.66349029541016,97.97785949707031
2017-08-28,69.34819793701172,86.7437973022461,97.916259765625
2017-08-29,69.38096618652344,86.94479370117188,98.23177337646484
2017-08-30,69.3973617553711,86.87244415283203,98.20101165771484
2017-08-31,69.3973617553711,87.00909423828125,98.49347686767578
2017-09-01,69.38260650634766,86.75311279296875,97.74007415771484
2017-09-05,69.44820404052734,87.35688781738281,99.28999328613281
2017-09-06,69.43999481201172,87.1475830078125,98.68085479736328
2017-09-07,69.48101043701172,87.52593231201172,99.69096374511719
2017-09-08,69.464599609375,87.46158599853516,99.47509002685547
2017-09-11,69.39897155761719,86.96244049072266,98.2875747680664
2017-09-12,69.36619567871094,86.75311279296875,97.77091217041016
2017-09-13,69.34978485107422,86.57598876953125,97.38536071777344
2017-09-14,69.35795593261719,86.59207153320312,97.78630828857422
2017-09-15,69.34978485107422,86.69670104980469,97.82487487792969
2017-09-18,69.30874633789062,86.35863494873047,97.261962890625
2017-09-19,69.31698608398438,86.26200866699219,97.02288055419922
2017-09-20,69.25955963134766,86.09295654296875,97.09232330322266
2017-09-21,69.24314880371094,85.98023986816406,97.03832244873047
2017-09-22,69.25955963134766,86.13323211669922,97.3159408569336
2017-09-25,69.300537109375,86.39080810546875,97.92512512207031
2017-09-26,69.28416442871094,86.31837463378906,97.74777221679688
2017-09-27,69.27592468261719,85.87557220458984,96.2749252319336
2017-09-28,69.28416442871094,85.85950469970703,95.9896011352539
2017-09-29,69.26773071289062,85.75479888916016,96.2055435180664
2017-10-02,69.31948852539062,85.65724182128906,96.02937316894531
2017-10-03,69.27842712402344,85.77818298339844,96.12202453613281
2017-10-04,69.40982055664062,85.75402069091797,96.12983703613281
2017-10-05,69.26201629638672,85.66533660888672,95.7666244506836
2017-10-06,69.23735809326172,85.56047821044922,95.4961929321289
2017-10-09,69.23735809326172,85.65724182128906,95.79753875732422
2017-10-10,69.2537841796875,85.68950653076172,95.95211029052734
2017-10-11,69.24559783935547,85.7862777709961,96.13752746582031
2017-10-12,69.23735809326172,85.86688995361328,96.54705047607422
2017-10-13,69.27842712402344,86.15715026855469,97.24244689941406
2017-10-16,69.21278381347656,86.01201629638672,97.17288208007812
2017-10-17,69.220947265625,85.97975158691406,97.29655456542969
2017-10-18,69.19633483886719,85.76209259033203,96.65521240234375
2017-10-19,69.23735809326172,85.85079956054688,96.82523345947266
2017-10-20,69.19633483886719,85.49598693847656,95.79753875732422
2017-10-23,69.19633483886719,85.57662200927734,95.967529296875
2017-10-24,69.179931640625,85.31865692138672,95.37255859375
2017-10-25,69.16350555419922,85.18158721923828,94.91666412353516
2017-10-26,69.16350555419922,85.06871032714844,94.59989166259766
2017-10-27,69.21278381347656,85.34281158447266,95.22575378417969
2017-10-30,69.24559783935547,85.64917755126953,96.13752746582031
2017-10-31,69.20453643798828,85.59274291992188,96.16844940185547
2017-11-01,69.19465637207031,85.64445495605469,96.59664154052734
2017-11-02,69.21115112304688,85.75751495361328,97.02247619628906
2017-11-03,69.1700210571289,85.8947982788086,97.28577423095703
2017-11-06,69.21115112304688,85.99974822998047,97.6496810913086
2017-11-07,69.17825317382812,86.03203582763672,98.06011199951172
2017-11-08,69.1700210571289,85.92704772949219,97.8432846069336
2017-11-09,69.16178131103516,85.8947982788086,97.56451416015625
2017-11-10,69.13719177246094,85.458740234375,96.09331512451172
2017-11-13,69.12896728515625,85.4183349609375,96.29462432861328
2017-11-14,69.14540100097656,85.53950500488281,96.94506072998047
2017-11-15,69.12076568603516,85.8462905883789,97.99815368652344
2017-11-16,69.12896728515625,85.62826538085938,97.14642333984375
2017-11-17,69.08788299560547,85.74134063720703,97.86650848388672
2017-11-20,69.0632095336914,85.60407257080078,97.8277816772461
2017-11-21,69.04679870605469,85.62020111083984,98.13754272460938
2017-11-22,69.10431671142578,85.8947982788086,98.4549789428711
2017-11-24,69.10431671142578,85.8221206665039,98.1839828491211
2017-11-27,69.10431671142578,85.8786392211914,98.04462432861328
2017-11-28,69.11251831054688,85.8947982788086,98.17623901367188
2017-11-29,69.0960693359375,85.62020111083984,97.20836639404297
2017-11-30,69.05498504638672,85.35375213623047,96.88311004638672
2017-12-01,69.07062530517578,85.66918182373047,98.19051361083984
2017-12-04,69.02951049804688,85.62873840332031,98.23711395263672
2017-12-05,69.02130126953125,85.69345092773438,98.72586059570312
2017-12-06,69.05416870117188,85.87134552001953,99.06729125976562
2017-12-07,69.06239318847656,85.7176742553711,98.29139709472656
2017-12-08,69.06239318847656,85.65298461914062,98.2991714477539
2017-12-11,69.02951049804688,85.59636688232422,98.09740447998047
2017-12-12,69.02951049804688,85.5235824584961,98.05860900878906
2017-12-13,69.10355377197266,85.87134552001953,98.79571533203125
2017-12-14,69.07882690429688,85.8389663696289,99.21470642089844
2017-12-15,69.04595947265625,85.82280731201172,99.587158203125
2017-12-18,69.04595947265625,85.62873840332031,98.6793441772461
2017-12-19,69.01307678222656,85.2405014038086,97.39908599853516
2017-12-20,69.02130126953125,84.98979949951172,96.32059478759766
2017-12-21,69.01632690429688,85.04976654052734,96.8819580078125
2017-12-22,68.99163055419922,85.08213806152344,97.0141830444336
2017-12-26,68.9834213256836,85.11454772949219,97.30186462402344
2017-12-27,69.01632690429688,85.47905731201172,98.56922149658203
2017-12-28,69.0245132446289,85.37374877929688,98.48375701904297
2017-12-29,69.04100799560547,85.51144409179688,98.63923645019531
2018-01-02,69.01632690429688,85.22798156738281,97.57398986816406
2018-01-03,69.01632690429688,85.31705474853516,98.0405502319336
2018-01-04,68.9834213256836,85.27654266357422,98.02497863769531
2018-01-05,68.9834213256836,85.1712417602539,97.74504852294922
2018-01-08,68.9834213256836,85.1307601928711,97.68286895751953
2018-01-09,68.95869445800781,84.72577667236328,96.37657165527344
2018-01-10,68.9834213256836,84.70145416259766,96.25994873046875
2018-01-11,68.95869445800781,84.7581558227539,96.65650177001953
2018-01-12,68.95043182373047,84.70145416259766,96.81980895996094
2018-01-16,68.94221496582031,84.74195861816406,97.22409057617188
2018-01-17,68.9175033569336,84.55569458007812,97.0919418334961
2018-01-18,68.90108489990234,84.28834533691406,96.18999481201172
2018-01-19,68.92574310302734,84.06968688964844,95.6845474243164
2018-01-22,68.8928451538086,84.0372543334961,95.77788543701172
2018-01-23,68.93400573730469,84.28028869628906,96.18999481201172
2018-01-24,68.9175033569336,84.11824798583984,95.6690444946289
2018-01-25,68.90108489990234,84.30458068847656,96.454345703125
2018-01-26,68.85991668701172,84.05342864990234,96.0966567993164
2018-01-29,68.83519744873047,83.8428955078125,95.4280014038086
2018-01-30,68.84342193603516,83.64844512939453,94.86812591552734
2018-01-31,68.84342193603516,83.67276763916016,95.4280014038086
2018-02-01,68.81541442871094,83.24113464355469,94.04500579833984
2018-02-02,68.82362365722656,82.93283081054688,93.17232513427734
2018-02-05,68.94727325439453,83.6143569946289,94.0527572631836
2018-02-06,68.89781188964844,83.24928283691406,93.46839141845703
2018-02-07,68.8483657836914,83.00584411621094,92.5801010131836
2018-02-08,68.85659790039062,83.07887268066406,92.47885131835938
2018-02-09,68.914306640625,82.93283081054688,91.89445495605469
2018-02-12,68.88134002685547,82.90850067138672,92.29963684082031
2018-02-13,68.88134002685547,83.04644775390625,92.71260070800781
2018-02-14,68.78243255615234,82.54341125488281,91.68412780761719
2018-02-15,68.7576904296875,82.56776428222656,91.99574279785156
2018-02-16,68.77422332763672,82.76246643066406,92.49442291259766
2018-02-20,68.76597595214844,82.67316436767578,92.08922576904297
2018-02-21,68.77422332763672,82.42979431152344,90.95946502685547
2018-02-22,68.78243255615234,82.54341125488281,91.2322006225586
2018-02-23,68.7989273071289,82.8598403930664,92.04248046875
2018-02-26,68.80716705322266,82.9571533203125,92.07372283935547
2018-02-27,68.7576904296875,82.69754028320312,91.94123077392578
2018-02-28,68.77422332763672,82.89228057861328,92.52560424804688
2018-03-01,68.86988830566406,83.24900817871094,93.15719604492188
2018-03-02,68.83689880371094,82.94021606445312,92.39991760253906
2018-03-05,68.83689880371094,82.83457946777344,92.15009307861328
2018-03-06,68.8204116821289,82.82644653320312,92.23595428466797
2018-03-07,68.8204116821289,82.82644653320312,92.13443756103516
2018-03-08,68.83689880371094,82.99710845947266,92.66536712646484
2018-03-09,68.80389404296875,82.81830596923828,92.05636596679688
2018-03-12,68.83689880371094,83.0133285522461,92.58727264404297
2018-03-13,68.85343170166016,83.1514892578125,93.05567932128906
2018-03-14,68.84513092041016,83.31402587890625,93.8754653930664
2018-03-15,68.85343170166016,83.28150177001953,93.8754653930664
2018-03-16,68.8204116821289,83.1839828491211,93.53974914550781
2018-03-19,68.8204116821289,83.10273742675781,93.24311065673828
2018-03-20,68.79564666748047,82.94021606445312,92.8683090209961
2018-03-21,68.84513092041016,82.99710845947266,92.96983337402344
2018-03-22,68.87814331054688,83.33836364746094,93.89107513427734
2018-03-23,68.89462280273438,83.45214080810547,93.82084655761719
2018-03-26,68.86165618896484,83.22461700439453,93.46173095703125
2018-03-27,68.91114044189453,83.6958999633789,94.46104431152344
2018-03-28,68.91938018798828,83.67965698242188,94.71086120605469
2018-03-29,68.94418334960938,83.85032653808594,95.1715087890625
2018-04-02,68.96400451660156,83.93577575683594,95.35924530029297
2018-04-03,68.93097686767578,83.66716766357422,94.62380981445312
2018-04-04,68.88958740234375,83.61835479736328,94.4281997680664
2018-04-05,68.9061508178711,83.40666961669922,93.72406768798828
2018-04-06,68.96400451660156,83.77298736572266,94.7490005493164
2018-04-09,68.95572662353516,83.78925323486328,94.90547180175781
2018-04-10,68.92266082763672,83.64275360107422,94.73336029052734
2018-04-11,68.92266082763672,83.72417449951172,95.0698013305664
2018-04-12,68.88137817382812,83.4229736328125,94.37342834472656
2018-04-13,68.86486053466797,83.49623107910156,94.592529296875
2018-04-16,68.85660552978516,83.4555435180664,94.62380981445312
2018-04-17,68.85660552978516,83.50434875488281,94.88201141357422
2018-04-18,68.79879760742188,83.17877960205078,94.12309265136719
2018-04-19,68.79879760742188,82.9509048461914,93.35630798339844
2018-04-20,68.77398681640625,82.67416381835938,92.68348693847656
2018-04-23,68.76573181152344,82.5927734375,92.70692443847656
2018-04-24,68.7822494506836,82.49504852294922,92.2844467163086
2018-04-25,68.77398681640625,82.31598663330078,91.66633605957031
2018-04-26,68.79049682617188,82.5520248413086,92.30789184570312
2018-04-27,68.80706024169922,82.69041442871094,93.0198745727539
2018-04-30,68.7822494506836,82.7799072265625,93.18418884277344
2018-05-01,68.75170135498047,82.65025329589844,92.8486099243164
2018-05-02,68.77645111083984,82.66659545898438,92.74669647216797
2018-05-03,68.82608795166016,82.87858581542969,93.16226959228516
2018-05-04,68.80128479003906,82.88677978515625,93.30337524414062
2018-05-07,68.80128479003906,82.84601593017578,93.1543960571289
2018-05-08,68.8095474243164,82.70738983154297,93.06816864013672
2018-05-09,68.77645111083984,82.51982116699219,92.51140594482422
2018-05-10,68.77645111083984,82.6910629272461,93.25630187988281
2018-05-11,68.77645111083984,82.69920349121094,93.49159240722656
2018-05-14,68.77645111083984,82.51982116699219,92.99758911132812
2018-05-15,68.73512268066406,82.0631332397461,91.93902587890625
2018-05-16,68.73512268066406,81.89189147949219,91.58614349365234
2018-05-17,68.75170135498047,81.84292602539062,91.12355041503906
2018-05-18,68.78475189208984,82.1609878540039,91.90762329101562
2018-05-21,68.78475189208984,82.21807861328125,91.95469665527344
2018-05-22,68.78475189208984,82.18543243408203,91.81352996826172
2018-05-23,68.8426284790039,82.56056213378906,92.48007202148438
2018-05-24,68.88398742675781,82.7726058959961,93.21710968017578
2018-05-25,68.94189453125,83.09879302978516,93.79734802246094
2018-05-29,69.14035034179688,83.9958267211914,95.85182189941406
2018-05-30,69.05764770507812,83.63702392578125,95.20880889892578
2018-05-31,69.02460479736328,83.59626770019531,95.052001953125
2018-06-01,68.9715805053711,83.28739929199219,94.54978942871094
2018-06-04,68.91361999511719,82.99324035644531,93.86601257324219
2018-06-05,68.95499420166016,83.20572662353516,94.08602905273438
2018-06-06,68.93016052246094,82.87064361572266,93.32371520996094
2018-06-07,68.99639892578125,83.22199249267578,94.2275161743164
2018-06-08,68.97987365722656,83.10762786865234,93.944580078125
2018-06-11,68.95499420166016,83.02591705322266,93.77171325683594
2018-06-12,68.92186737060547,82.97687530517578,93.79524230957031
2018-06-13,68.8887710571289,82.87883758544922,93.74817657470703
2018-06-14,68.91361999511719,83.14031219482422,94.52620697021484
2018-06-15,68.94670867919922,83.20572662353516,94.61264038085938
2018-06-18,68.96328735351562,83.24651336669922,94.52620697021484
2018-06-19,68.98809814453125,83.46717834472656,95.07634735107422
2018-06-20,68.95499420166016,83.19754028320312,94.24322509765625
2018-06-21,68.99639892578125,83.41812133789062,94.73836517333984
2018-06-22,69.00466918945312,83.43449401855469,94.73054504394531
2018-06-25,69.0295639038086,83.54888916015625,94.94275665283203
2018-06-26,69.0295639038086,83.5897216796875,95.07634735107422
2018-06-27,69.07097625732422,83.90839385986328,95.9723129272461
2018-06-28,69.07097625732422,83.82666015625,95.99594116210938
2018-06-29,69.05438995361328,83.76132202148438,95.66577911376953
2018-07-02,69.04608917236328,83.70402526855469,95.59098815917969
2018-07-03,69.07098388671875,83.91683959960938,96.10302734375
2018-07-05,69.06267547607422,83.92500305175781,96.37873840332031
2018-07-06,69.07928466796875,83.99868774414062,96.69376373291016
2018-07-09,69.03780364990234,83.7858657836914,96.0715103149414
2018-07-10,69.02951049804688,83.72039031982422,96.06362915039062
2018-07-11,69.05436706542969,83.89224243164062,96.4338607788086
2018-07-12,69.04608917236328,83.8595199584961,96.42597961425781
2018-07-13,69.06267547607422,83.99868774414062,96.67019653320312
2018-07-16,69.04608917236328,83.8595199584961,96.2684097290039
2018-07-17,69.03780364990234,83.8104019165039,96.08726501464844
2018-07-18,69.02951049804688,83.74491119384766,95.70128631591797
2018-07-19,69.06267547607422,83.9741439819336,96.30781555175781
2018-07-20,69.06267547607422,83.67943572998047,95.12623596191406
2018-07-23,69.02120208740234,83.27009582519531,93.95249938964844
2018-07-24,69.02951049804688,83.32743072509766,94.2754898071289
2018-07-25,69.00462341308594,83.27009582519531,94.12582397460938
2018-07-26,69.00462341308594,83.18009948730469,93.94461822509766
2018-07-27,69.01294708251953,83.31105041503906,94.1021499633789
2018-07-30,69.01294708251953,83.20465087890625,93.77920532226562
2018-07-31,69.01294708251953,83.31922149658203,94.29127502441406
2018-08-01,69.01958465576172,83.12239074707031,93.52308654785156
2018-08-02,69.0611343383789,83.22084045410156,93.65727996826172
2018-08-03,69.06941986083984,83.43408966064453,94.1230697631836
2018-08-06,69.0860366821289,83.4750747680664,94.17838287353516
2018-08-07,69.0611343383789,83.30281066894531,93.68882751464844
2018-08-08,69.06941986083984,83.3766860961914,93.7835922241211
2018-08-09,69.11096954345703,83.60633087158203,94.57307434082031
2018-08-10,69.17745208740234,83.96722412109375,95.25991821289062
2018-08-13,69.16083526611328,83.9426498413086,95.06254577636719
2018-08-14,69.16083526611328,83.86058044433594,94.84941864013672
2018-08-15,69.194091796875,84.06564331054688,95.40206146240234
2018-08-16,69.17745208740234,84.04106140136719,95.39415740966797
2018-08-17,69.20234680175781,84.07386016845703,95.5125961303711
2018-08-20,69.24392700195312,84.33634948730469,96.15205383300781
2018-08-21,69.22724914550781,84.22152709960938,95.828369140625
2018-08-22,69.24392700195312,84.3773422241211,96.20736694335938
2018-08-23,69.23560333251953,84.36914825439453,96.35733795166016
2018-08-24,69.24392700195312,84.3937759399414,96.54682159423828
2018-08-27,69.21897888183594,84.20509338378906,95.99414825439453
2018-08-28,69.194091796875,84.0164794921875,95.41783905029297
2018-08-29,69.18574523925781,83.9918441772461,95.54411315917969
2018-08-30,69.23560333251953,84.14765167236328,95.74939727783203
2018-08-31,69.25224304199219,84.1640853881836,95.52837371826172
2018-09-04,69.23640441894531,83.9718017578125,94.97602081298828
2018-09-05,69.23640441894531,83.96356201171875,94.722900390625
2018-09-06,69.26143646240234,84.13615417480469,95.07096862792969
2018-09-07,69.18649291992188,83.75809478759766,94.26393127441406
2018-09-10,69.19478607177734,83.80741119384766,94.61206817626953
2018-09-11,69.15321350097656,83.50333404541016,93.89202117919922
2018-09-12,69.15321350097656,83.60191345214844,94.11358642578125
2018-09-13,69.16151428222656,83.59370422363281,94.25601959228516
2018-09-14,69.13655853271484,83.43756103515625,93.80498504638672
2018-09-17,69.11990356445312,83.4539794921875,93.80498504638672
2018-09-18,69.1115493774414,83.10877990722656,92.82382202148438
2018-09-19,69.09492492675781,82.96906280517578,92.26990509033203
2018-09-20,69.11990356445312,82.97724151611328,92.69718933105469
2018-09-21,69.10325622558594,83.01018524169922,92.65762329101562
2018-09-24,69.10325622558594,82.9197769165039,92.42025756835938
2018-09-25,69.1115493774414,82.83758544921875,92.3253173828125
2018-09-26,69.11990356445312,83.10877990722656,92.97412872314453
2018-09-27,69.11990356445312,83.10877990722656,93.03742980957031
2018-09-28,69.15321350097656,83.1499252319336,92.79216766357422
2018-10-01,69.1340103149414,82.93904876708984,92.11095428466797
2018-10-02,69.15902709960938,83.15318298339844,92.67398834228516
2018-10-03,69.12567901611328,82.5355224609375,91.06414031982422
2018-10-04,69.10896301269531,82.32140350341797,90.4217758178711
2018-10-05,69.1006851196289,82.12376403808594,89.64458465576172
2018-10-08,69.08402252197266,82.15668487548828,89.34325408935547
2018-10-09,69.10896301269531,82.31317901611328,90.24732208251953
2018-10-10,69.12567901611328,82.35437774658203,90.0014877319336
2018-10-11,69.15071105957031,82.69197845458984,91.0958251953125
2018-10-12,69.15071105957031,82.59320831298828,90.77863311767578
2018-10-15,69.17568969726562,82.6426010131836,90.73894500732422
2018-10-16,69.15071105957031,82.63431549072266,90.94515991210938
2018-10-17,69.15071105957031,82.39554595947266,90.4059066772461
2018-10-18,69.19233703613281,82.54374694824219,90.3741683959961
2018-10-19,69.15071105957031,82.44493865966797,90.17594146728516
2018-10-22,69.1340103149414,82.4614028930664,90.05693817138672
2018-10-23,69.17568969726562,82.67552947998047,90.34248352050781
2018-10-24,69.28407287597656,83.12025451660156,91.02447509765625
2018-10-25,69.25907897949219,82.92259216308594,90.643798828125
2018-10-26,69.30074310302734,83.29318237304688,91.19103240966797
2018-10-29,69.3257827758789,83.28495788574219,90.9848403930664
2018-10-30,69.29242706298828,83.103759765625,90.53279113769531
2018-10-31,69.25907897949219,82.89788818359375,90.07284545898438
2018-11-01,69.2974853515625,82.96885681152344,90.15634155273438
2018-11-02,69.21399688720703,82.50665283203125,89.03538513183594
2018-11-05,69.23905181884766,82.55622863769531,89.38518524169922
2018-11-06,69.22232055664062,82.46541595458984,89.3295669555664
2018-11-07,69.19723510742188,82.46541595458984,89.44880676269531
2018-11-08,69.18891906738281,82.3498306274414,89.44084930419922
2018-11-09,69.22232055664062,82.67174530029297,90.10860443115234
2018-11-12,69.27243041992188,82.91930389404297,90.69684600830078
2018-11-13,69.28076171875,82.98538208007812,90.64122009277344
2018-11-14,69.33088684082031,83.15867614746094,90.69684600830078
2018-11-15,69.36431121826172,83.21644592285156,90.6571273803711
2018-11-16,69.41441345214844,83.47228240966797,91.18179321289062
2018-11-19,69.47284698486328,83.59611511230469,91.43619537353516
2018-11-20,69.45613861083984,83.57959747314453,91.4679946899414
2018-11-21,69.45613861083984,83.5630874633789,91.43619537353516
2018-11-23,69.43943786621094,83.61260223388672,91.53155517578125
2018-11-26,69.44781494140625,83.54655456542969,91.32489776611328
2018-11-27,69.45613861083984,83.629150390625,91.4282455444336
2018-11-28,69.4811782836914,83.62086486816406,90.98307800292969
2018-11-29,69.49794006347656,83.83546447753906,91.34078216552734
2018-11-30,69.52296447753906,84.0005111694336,91.68263244628906
2018-12-03,69.46607971191406,84.18411254882812,92.3336181640625
2018-12-04,69.51625061035156,84.57279205322266,93.87942504882812
2018-12-06,69.58319854736328,84.78780364990234,94.17424011230469
2018-12-07,69.65852355957031,85.03594207763672,94.3495101928711
2018-12-10,69.65852355957031,85.08558654785156,94.7399673461914
2018-12-11,69.59159088134766,84.87055969238281,94.72401428222656
2018-12-12,69.58319854736328,84.63899230957031,94.30172729492188
2018-12-13,69.65009307861328,84.6885757446289,94.07862091064453
2018-12-14,69.6919174194336,84.8208999633789,94.4052963256836
2018-12-17,69.75888061523438,85.06903076171875,94.95509338378906
2018-12-18,69.7999267578125,85.27874755859375,95.52374267578125
2018-12-19,69.81664276123047,85.5770492553711,96.78572845458984
2018-12-20,69.80831909179688,85.46934509277344,96.43424224853516
2018-12-21,69.85857391357422,85.54393005371094,96.41826629638672
2018-12-24,69.9172592163086,85.7593765258789,96.89754486083984
2018-12-26,69.85015869140625,85.35328674316406,95.85921478271484
2018-12-27,69.9255599975586,85.56880187988281,95.87520599365234
2018-12-28,70.0261001586914,86.03287506103516,96.681884765625
2018-12-31,70.05123138427734,86.35607147216797,97.04926300048828
2019-01-02,70.05960845947266,86.53839111328125,97.5604476928711
2019-01-03,70.20204162597656,87.22628784179688,98.6706314086914
2019-01-04,70.05123138427734,86.52183532714844,97.52848052978516
2019-01-07,70.0009994506836,86.28150939941406,97.24093627929688
2019-01-08,69.95906829833984,86.06604766845703,96.98542022705078
2019-01-09,69.99263000488281,86.11576843261719,96.83362579345703
2019-01-10,70.0009994506836,86.07434844970703,96.21061706542969
2019-01-11,70.0428466796875,86.33123779296875,96.58601379394531
2019-01-14,70.0428466796875,86.28150939941406,96.22661590576172
2019-01-15,70.06800842285156,86.19865417480469,95.87520599365234
2019-01-16,70.05123138427734,86.14891052246094,95.97106170654297
2019-01-17,70.0428466796875,85.99142456054688,95.99501037597656
2019-01-18,69.98421478271484,85.71797180175781,95.4918441772461
2019-01-22,70.0428466796875,86.01631927490234,96.13878631591797
2019-01-23,70.0261001586914,85.97486877441406,96.0988540649414
2019-01-24,70.08477020263672,86.24832916259766,96.72976684570312
2019-01-25,70.03446197509766,86.04947662353516,96.26654052734375
2019-01-28,70.0428466796875,86.07434844970703,96.17070770263672
2019-01-29,70.07640838623047,86.32294464111328,96.65792083740234
2019-01-30,70.16850280761719,86.52183532714844,96.58601379394531
2019-01-31,70.22713470458984,86.91964721679688,97.41669464111328
2019-02-01,70.1449203491211,86.45458221435547,96.82830047607422
2019-02-04,70.1449203491211,86.26355743408203,96.39604187011719
2019-02-05,70.1449203491211,86.41304016113281,96.83628845214844
2019-02-06,70.17847442626953,86.47946166992188,96.88433074951172
2019-02-07,70.2288589477539,86.7618408203125,97.52477264404297
2019-02-08,70.25401306152344,86.87811279296875,97.94098663330078
2019-02-11,70.2288589477539,86.74519348144531,97.55675506591797
2019-02-12,70.22044372558594,86.62895202636719,97.30860137939453
2019-02-13,70.17011260986328,86.41304016113281,96.94039154052734
2019-02-14,70.26239013671875,86.81999969482422,97.49274444580078
2019-02-15,70.2288589477539,86.73694610595703,97.64482879638672
2019-02-19,70.27916717529297,86.88640594482422,97.8929443359375
2019-02-20,70.2708511352539,86.86981964111328,97.61282348632812
2019-02-21,70.24562072753906,86.61233520507812,96.74022674560547
2019-02-22,70.29595947265625,86.86981964111328,97.31661224365234
2019-02-25,70.28761291503906,86.73694610595703,97.02842712402344
2019-02-26,70.3211669921875,86.99439239501953,97.50874328613281
2019-02-27,70.30435943603516,86.68711853027344,96.40404510498047
2019-02-28,70.28761291503906,86.46284484863281,96.07585144042969
2019-03-01,70.24048614501953,86.17913818359375,95.18782043457031
2019-03-04,70.25730895996094,86.44540405273438,95.9338607788086
2019-03-05,70.26575469970703,86.49531555175781,96.13438415527344
2019-03-06,70.3161849975586,86.73664093017578,96.48736572265625
2019-03-07,70.37503051757812,87.02783966064453,97.113037109375
2019-03-08,70.40030670166016,87.15267181396484,97.52215576171875
2019-03-11,70.38343811035156,87.08610534667969,97.2334213256836
2019-03-12,70.40863800048828,87.3273696899414,97.91526794433594
2019-03-13,70.4170913696289,87.2941665649414,97.73075866699219
2019-03-14,70.43387603759766,87.16930389404297,97.02484893798828
2019-03-15,70.45915222167969,87.44388580322266,97.66658020019531
2019-03-18,70.44224548339844,87.3273696899414,97.61042785644531
2019-03-19,70.43387603759766,87.2691879272461,97.39382934570312
2019-03-20,70.53480529785156,87.87659454345703,98.41259002685547
2019-03-21,70.53480529785156,87.83499145507812,98.62921142578125
2019-03-22,70.65250396728516,88.48401641845703,100.16139221191406
2019-03-25,70.7281723022461,88.70869445800781,100.32182312011719
2019-03-26,70.71975708007812,88.63375854492188,100.2496337890625
2019-03-27,70.77857971191406,88.89173889160156,101.17216491699219
2019-03-28,70.77017974853516,88.9000244140625,101.52510833740234
2019-03-29,70.7281723022461,88.75858306884766,101.42887115478516
2019-04-01,70.65571594238281,88.14826202392578,99.98814392089844
2019-04-02,70.68939208984375,88.29834747314453,100.17308807373047
2019-04-03,70.65571594238281,88.0232162475586,99.3048095703125
2019-04-04,70.67253112792969,88.11488342285156,99.58618927001953
2019-04-05,70.66415405273438,88.15660095214844,99.71484375
2019-04-08,70.64730834960938,88.01485443115234,99.36109161376953
2019-04-09,70.65571594238281,88.17322540283203,99.67463684082031
2019-04-10,70.71471405029297,88.3817138671875,99.91581726074219
2019-04-11,70.67253112792969,88.18162536621094,99.3289566040039
2019-04-12,70.6303939819336,87.77304077148438,98.62144470214844
2019-04-15,70.63885498046875,87.88978576660156,98.87065124511719
2019-04-16,70.6303939819336,87.5896224975586,98.25163269042969
2019-04-17,70.65571594238281,87.60626983642578,98.29180908203125
2019-04-18,70.67253112792969,87.81475067138672,98.80632781982422
2019-04-22,70.68101501464844,87.68968963623047,98.33200073242188
2019-04-23,70.71471405029297,87.8481216430664,98.5410385131836
2019-04-24,70.7568130493164,88.18162536621094,99.34501647949219
2019-04-25,70.7568130493164,88.07317352294922,99.20026397705078
2019-04-26,70.8326187133789,88.30668640136719,99.53793334960938
2019-04-29,70.80740356445312,88.12325286865234,98.90281677246094
2019-04-30,70.85791015625,88.29834747314453,99.40930938720703
2019-05-01,70.7954330444336,88.25825500488281,99.81938934326172
2019-05-02,70.76165771484375,88.00761413574219,99.34404754638672
2019-05-03,70.7870101928711,88.12456512451172,99.62603759765625
2019-05-06,70.8292236328125,88.35014343261719,99.89994049072266
2019-05-07,70.86298370361328,88.65090942382812,100.66529846191406
2019-05-08,70.85449981689453,88.48381042480469,100.23028564453125
2019-05-09,70.8967056274414,88.7177505493164,100.64114379882812
2019-05-10,70.91361236572266,88.65927124023438,100.5041732788086
2019-05-13,70.99803161621094,89.10205841064453,101.29374694824219
2019-05-14,70.99803161621094,89.01850891113281,100.99565887451172
2019-05-15,71.04864501953125,89.30258178710938,101.615966796875
2019-05-16,71.00643920898438,89.12712097167969,101.2776107788086
2019-05-17,71.0233383178711,89.16891479492188,101.50321197509766
2019-05-20,70.98956298828125,89.01850891113281,101.29374694824219
2019-05-21,70.95581817626953,88.91824340820312,101.13258361816406
2019-05-22,70.98956298828125,89.18562316894531,101.712646484375
2019-05-23,71.11616516113281,89.72864532470703,102.85670471191406
2019-05-24,71.09083557128906,89.70357513427734,102.94529724121094
2019-05-28,71.14994049072266,90.09627532958984,103.68650817871094
2019-05-29,71.15837860107422,90.06282806396484,104.00064849853516
2019-05-30,71.21746063232422,90.38868713378906,104.89495086669922
2019-05-31,71.36940002441406,90.99020385742188,106.2081527709961
2019-06-03,71.50383758544922,91.42802429199219,106.9185791015625
2019-06-04,71.45308685302734,91.09315490722656,105.69951629638672
2019-06-05,71.4869613647461,91.09315490722656,105.1021499633789
2019-06-06,71.44464111328125,91.0763931274414,105.4411849975586
2019-06-07,71.5207748413086,91.43637084960938,106.35348510742188
2019-06-10,71.45308685302734,90.98434448242188,105.3524169921875
2019-06-11,71.42770385742188,90.98434448242188,105.4169692993164
2019-06-12,71.4869613647461,91.21875762939453,105.49771881103516
2019-06-13,71.56301879882812,91.44474029541016,105.86103820800781
2019-06-14,71.53765106201172,91.51171875,106.12740325927734
2019-06-17,71.50383758544922,91.49498748779297,106.31309509277344
2019-06-18,71.51229095458984,91.6707763671875,106.845947265625
2019-06-19,71.66449737548828,91.9218978881836,106.99933624267578
2019-06-20,71.69837951660156,92.07257080078125,107.2818374633789
2019-06-21,71.66449737548828,91.69585418701172,106.10317993164062
2019-06-24,71.70682525634766,92.01397705078125,106.8943862915039
2019-06-25,71.7237319946289,92.1562728881836,107.22537994384766
2019-06-26,71.63916778564453,91.77958679199219,106.53915405273438
2019-06-27,71.69837951660156,92.05583953857422,107.28995513916016
2019-06-28,71.69837951660156,92.09766387939453,107.21728515625
2019-07-01,71.65262603759766,91.98194885253906,106.96651458740234
2019-07-02,71.69500732421875,92.30900573730469,107.79156494140625
2019-07-03,71.71189880371094,92.48512268066406,108.56002044677734
2019-07-05,71.56786346435547,91.89810943603516,107.12020874023438
2019-07-08,71.53401184082031,91.80587768554688,107.26576232910156
2019-07-09,71.50857543945312,91.74718475341797,107.22537994384766
2019-07-10,71.63565826416016,91.7974853515625,106.6348876953125
2019-07-11,71.6017837524414,91.3447036743164,105.21125030517578
2019-07-12,71.6102294921875,91.44528198242188,105.33258819580078
2019-07-15,71.62718963623047,91.63815307617188,105.93924713134766
2019-07-16,71.6017837524414,91.43688201904297,105.62379455566406
2019-07-17,71.66954803466797,91.86456298828125,106.76428985595703
2019-07-18,71.7542953491211,92.09098815917969,106.77237701416016
2019-07-19,71.677978515625,91.92324829101562,106.52164459228516
2019-07-22,71.68649291992188,91.96521759033203,106.72384643554688
2019-07-23,71.66954803466797,91.81426239013672,106.14146423339844
2019-07-24,71.68649291992188,91.94839477539062,106.6025161743164
2019-07-25,71.64412689208984,91.78907775878906,106.09296417236328
2019-07-26,71.65262603759766,91.77232360839844,106.34367370605469
2019-07-29,71.65262603759766,91.85615539550781,106.37604522705078
2019-07-30,71.66106414794922,91.89810943603516,106.6348876953125
2019-07-31,71.65262603759766,92.13288116455078,107.49227142333984
2019-08-01,71.85629272460938,93.17794799804688,109.62714385986328
2019-08-02,71.87330627441406,93.37113189697266,110.64022064208984
2019-08-05,72.0176010131836,94.1775894165039,112.5530014038086
2019-08-06,72.05149841308594,94.32880401611328,113.45262908935547
2019-08-07,72.06002807617188,94.32880401611328,113.4931869506836
2019-08-08,72.0345230102539,94.3371810913086,113.73634338378906
2019-08-09,71.99208068847656,94.19438171386719,113.5093765258789
2019-08-12,72.06846618652344,94.79078674316406,115.87602233886719
2019-08-13,71.98359680175781,94.45479583740234,115.47885131835938
2019-08-14,72.07701110839844,95.08482360839844,118.08061218261719
2019-08-15,72.22976684570312,95.68965911865234,119.39358520507812
2019-08-16,72.22130584716797,95.43762969970703,118.43716430664062
2019-08-19,72.1448745727539,94.98402404785156,116.74324798583984
2019-08-20,72.19583129882812,95.4040298461914,117.95087432861328
2019-08-21,72.12791442871094,95.15202331542969,117.16463470458984
2019-08-22,72.09394073486328,94.94200897216797,116.38662719726562
2019-08-23,72.2127685546875,95.58049011230469,118.29940032958984
2019-08-26,72.1788330078125,95.48804473876953,117.82112884521484
2019-08-27,72.20429992675781,95.899658203125,119.63668823242188
2019-08-28,72.22130584716797,95.93326568603516,119.79069519042969
2019-08-29,72.18731689453125,95.74844360351562,119.33679962158203
2019-08-30,72.2127685546875,95.77368927001953,119.36924743652344
2019-09-03,72.2688980102539,95.98403930664062,119.52347564697266
2019-09-04,72.32840728759766,96.13549041748047,119.70211791992188
2019-09-05,72.16685485839844,95.36136627197266,117.5342788696289
2019-09-06,72.1753921508789,95.4202880859375,118.37055969238281
2019-09-09,72.09884643554688,94.83125305175781,116.26770782470703
2019-09-10,71.97978973388672,94.1412582397461,114.22978973388672
2019-09-11,71.97978973388672,94.0487060546875,114.02678680419922
2019-09-12,71.96279907226562,93.83833312988281,113.27980041503906
2019-09-13,71.84378814697266,92.98008728027344,110.86024475097656
2019-09-16,71.90331268310547,93.3839340209961,112.27303314208984
2019-09-17,71.93733978271484,93.62793731689453,112.88200378417969
2019-09-18,71.89476776123047,93.66163635253906,113.36100006103516
2019-09-19,71.90331268310547,93.70370483398438,113.70201873779297
2019-09-20,71.97978973388672,94.24220275878906,115.20404815673828
2019-09-23,72.02236938476562,94.37689208984375,115.17971801757812
2019-09-24,72.09884643554688,94.84809875488281,116.56810760498047
2019-09-25,72.00531768798828,94.22543334960938,114.86308288574219
2019-09-26,72.039306640625,94.42732238769531,115.60186767578125
2019-09-27,72.08187866210938,94.5619888305664,115.88604736328125
2019-09-30,72.11585998535156,94.6377182006836,116.1702880859375
2019-10-01,72.1967544555664,94.8998031616211,116.52001953125
2019-10-02,72.27340698242188,95.22845458984375,116.8047103881836
2019-10-03,72.42668151855469,95.72566986083984,117.8701171875
2019-10-04,72.41817474365234,95.91107940673828,118.74042510986328
2019-10-07,72.34151458740234,95.59083557128906,117.75627136230469
2019-10-08,72.38409423828125,95.7930679321289,118.07343292236328
2019-10-09,72.34151458740234,95.54867553710938,117.40658569335938
2019-10-10,72.25636291503906,94.95035552978516,115.65788269042969
2019-10-11,72.1882553100586,94.30144500732422,114.22637939453125
2019-10-14,72.1967544555664,94.56270599365234,115.05597686767578
2019-10-15,72.17973327636719,94.10763549804688,113.66515350341797
2019-10-16,72.21378326416016,94.29303741455078,113.8034439086914
2019-10-17,72.21378326416016,94.25935363769531,113.5269546508789
2019-10-18,72.23932647705078,94.34362030029297,113.5269546508789
2019-10-21,72.20526885986328,93.99810028076172,112.67288208007812
2019-10-22,72.2308349609375,94.21719360351562,113.3316421508789
2019-10-23,72.22232055664062,94.25093078613281,113.4455337524414
2019-10-24,72.22232055664062,94.23402404785156,113.2177963256836
2019-10-25,72.17973327636719,94.03175354003906,112.66472625732422
2019-10-28,72.15418243408203,93.67788696289062,111.6398696899414
2019-10-29,72.17125701904297,93.7621078491211,111.71310424804688
2019-10-30,72.21378326416016,94.21719360351562,113.3479232788086
2019-10-31,72.34151458740234,94.81550598144531,114.87706756591797
2019-11-01,72.29890441894531,94.63660430908203,114.52339172363281
2019-11-04,72.24771881103516,94.15552520751953,113.01618194580078
2019-11-05,72.19652557373047,93.64913177490234,111.74504089355469
2019-11-06,72.23917388916016,93.91921997070312,112.42132568359375
2019-11-07,72.15389251708984,93.16803741455078,110.38438415527344
2019-11-08,72.16239929199219,93.04145050048828,109.92000579833984
2019-11-11,72.17945098876953,93.14273071289062,109.99333190917969
2019-11-12,72.18799591064453,93.18496704101562,110.4985122680664
2019-11-13,72.22210693359375,93.4381332397461,111.21551513671875
2019-11-14,72.29032897949219,93.9107437133789,112.36427307128906
2019-11-15,72.26476287841797,93.83483123779297,112.24205017089844
2019-11-18,72.29890441894531,93.99516296386719,112.44577026367188
2019-11-19,72.29032897949219,94.17237091064453,113.38278198242188
2019-11-20,72.324462890625,94.5184326171875,114.55601501464844
2019-11-21,72.29032897949219,94.2821273803711,113.83899688720703
2019-11-22,72.28181457519531,94.26526641845703,113.98564910888672
2019-11-25,72.29032897949219,94.30744171142578,114.31974792480469
2019-11-26,72.324462890625,94.48469543457031,114.98787689208984
2019-11-27,72.28181457519531,94.23988342285156,114.65379333496094
2019-11-29,72.30740356445312,94.16395568847656,114.40933990478516
2019-12-02,72.2851791381836,93.825927734375,112.88389587402344
2019-12-03,72.38770294189453,94.66261291503906,115.25082397460938
2019-12-04,72.3535385131836,94.29917907714844,114.10005187988281
2019-12-05,72.31937408447266,94.07946014404297,113.54505920410156
2019-12-06,72.2936782836914,93.79207611083984,112.91658782958984
2019-12-09,72.2936782836914,93.86813354492188,113.1613998413086
2019-12-10,72.25957489013672,93.75823974609375,113.16957092285156
2019-12-11,72.31937408447266,94.14702606201172,114.05926513671875
2019-12-12,72.25105285644531,93.40328979492188,112.18209838867188
2019-12-13,72.33646392822266,93.95272064208984,113.47968292236328
2019-12-16,72.2936782836914,93.51315307617188,112.45954132080078
2019-12-17,72.31080627441406,93.5216064453125,112.30451965332031
2019-12-18,72.31937408447266,93.26808166503906,111.3822021484375
2019-12-19,72.33394622802734,93.34085083007812,111.56041717529297
2019-12-20,72.33394622802734,93.34085083007812,111.70756530761719
2019-12-23,72.3167953491211,93.25621032714844,111.5440444946289
2019-12-24,72.32536315917969,93.41700744628906,111.86286926269531
2019-12-26,72.35104370117188,93.55245208740234,112.13260650634766
2019-12-27,72.40238952636719,93.68787384033203,112.25526428222656
2019-12-30,72.42803192138672,93.6286392211914,111.84651184082031
2019-12-31,72.41950988769531,93.29007720947266,110.75108337402344
2020-01-02,72.4537124633789,93.72169494628906,112.00186920166016
2020-01-03,72.51363372802734,94.34803771972656,113.72673034667969
2020-01-06,72.48796081542969,94.24645233154297,113.08089447021484
2020-01-07,72.48796081542969,94.1110610961914,112.5250015258789
2020-01-08,72.4537124633789,93.89098358154297,111.78112030029297
2020-01-09,72.4623031616211,93.95868682861328,112.1734848022461
2020-01-10,72.47937774658203,94.16184997558594,113.17086791992188
2020-01-13,72.4708251953125,94.05181121826172,112.82746887207031
2020-01-14,72.47937774658203,94.23800659179688,113.40789031982422
2020-01-15,72.51363372802734,94.47501373291016,114.159912109375
2020-01-16,72.51363372802734,94.28035736083984,113.8003158569336
2020-01-17,72.53927612304688,94.2042007446289,112.82746887207031
2020-01-21,72.55640411376953,94.57657623291016,114.01280212402344
2020-01-22,72.57352447509766,94.59352111816406,114.41338348388672
2020-01-23,72.59919738769531,94.83050537109375,115.21452331542969
2020-01-24,72.62486267089844,95.16905975341797,116.14640808105469
2020-01-27,72.70186614990234,95.81233215332031,117.95301818847656
2020-01-28,72.66764068603516,95.49073028564453,117.0293197631836
2020-01-29,72.73611450195312,95.9477310180664,118.17375946044922
2020-01-30,72.74469757080078,96.04085540771484,118.19011688232422
2020-01-31,72.8387680053711,96.52330780029297,119.26918029785156
2020-02-03,72.8173599243164,96.44107818603516,119.17255401611328
2020-02-04,72.74021911621094,95.88170623779297,117.56764221191406
2020-02-05,72.68880462646484,95.4664306640625,116.28207397460938
2020-02-06,72.7059326171875,95.53424072265625,116.80609130859375
2020-02-07,72.74878692626953,95.99191284179688,118.26360321044922
2020-02-10,72.78309631347656,96.17839813232422,118.59117126464844
2020-02-11,72.74878692626953,95.94953918457031,117.99346923828125
2020-02-12,72.71449279785156,95.7037353515625,117.39566802978516
2020-02-13,72.73167419433594,95.78850555419922,117.84603118896484
2020-02-14,72.76595306396484,96.02581024169922,118.36183166503906
2020-02-18,72.79166412353516,96.17839813232422,119.17255401611328
2020-02-19,72.80020141601562,96.1613998413086,119.16436004638672
2020-02-20,72.8173599243164,96.44107818603516,120.09781646728516
2020-02-21,72.87736511230469,96.83094787597656,121.2196044921875
2020-02-24,72.99735260009766,97.58525085449219,123.02920532226562
2020-02-25,73.07451629638672,97.85645294189453,123.68428802490234
2020-02-26,73.1258773803711,97.80561828613281,123.02920532226562
2020-02-27,73.21158599853516,98.2802505493164,124.36398315429688
2020-02-28,73.477294921875,99.3820571899414,127.17254638671875
2020-03-02,73.44725799560547,99.31417846679688,126.23685455322266
2020-03-03,73.73912048339844,100.46819305419922,128.19674682617188
2020-03-04,73.7476577758789,100.2475357055664,126.83551025390625
2020-03-05,73.90216064453125,101.1385498046875,129.99258422851562
2020-03-06,73.98802947998047,102.1652603149414,136.75790405273438
2020-03-09,74.39144134521484,103.08172607421875,140.4645538330078
2020-03-10,74.06526947021484,101.1894760131836,133.26458740234375
2020-03-11,73.97941589355469,100.17970275878906,128.36073303222656
2020-03-12,73.96223449707031,100.23060607910156,129.15611267089844
2020-03-13,74.05669403076172,99.57719421386719,126.23685455322266
2020-03-16,74.17684936523438,102.20773315429688,134.41270446777344
2020-03-17,74.00517272949219,99.64510345458984,125.44959259033203
2020-03-18,73.91077423095703,98.26195526123047,118.37268829345703
2020-03-19,74.03952026367188,98.58441925048828,121.59541320800781
2020-03-20,74.23694610595703,101.0960693359375,130.73887634277344
2020-03-23,74.32274627685547,102.29256439208984,136.12655639648438
2020-03-24,74.21971130371094,101.59677124023438,133.59263610839844
2020-03-25,74.30562591552734,101.65618133544922,133.2892303466797
2020-03-26,74.39144134521484,101.90226745605469,133.9451904296875
2020-03-27,74.37427520751953,102.65742492675781,137.5206298828125
2020-03-30,74.40861511230469,102.89505004882812,136.38906860351562
2020-03-31,74.39144134521484,103.08172607421875,135.28187561035156
2020-04-01,74.43953704833984,103.5013656616211,137.17727661132812
2020-04-02,74.45671844482422,103.51839447021484,138.04774475097656
2020-04-03,74.43953704833984,103.59486389160156,138.3762664794922
2020-04-06,74.38802337646484,103.12760162353516,138.0149688720703
2020-04-07,74.37081146240234,102.66883850097656,136.5695343017578
2020-04-08,74.41376495361328,102.54141235351562,135.57589721679688
2020-04-09,74.43953704833984,102.76229858398438,135.82225036621094
2020-04-13,74.44818878173828,102.54141235351562,134.58221435546875
2020-04-14,74.44818878173828,102.67733001708984,134.54933166503906
2020-04-15,74.47393798828125,103.59486389160156,138.1134490966797
2020-04-16,74.49114227294922,103.70526123046875,139.68199157714844
2020-04-17,74.46537780761719,103.43342590332031,137.80966186523438
2020-04-20,74.46537780761719,103.70526123046875,138.91827392578125
2020-04-21,74.48252868652344,103.99414825439453,140.66746520996094
2020-04-22,74.45671844482422,103.67130279541016,139.2303009033203
2020-04-23,74.44818878173828,103.73931884765625,139.96946716308594
2020-04-24,74.44818878173828,103.76473999023438,140.2978973388672
2020-04-27,74.44818878173828,103.2125473022461,137.68643188476562
2020-04-28,74.47393798828125,103.66278076171875,139.27137756347656
2020-04-29,74.46537780761719,103.6118392944336,138.5487060546875
2020-04-30,74.59423828125,103.36544799804688,136.9308624267578
2020-05-01,74.4841537475586,103.50833892822266,138.10348510742188
2020-05-04,74.4841537475586,103.52538299560547,137.45379638671875
2020-05-05,74.47554779052734,103.44882202148438,136.57403564453125
2020-05-06,74.5013656616211,103.06609344482422,134.37026977539062
2020-05-07,74.55298614501953,103.69544982910156,136.61514282226562
2020-05-08,74.53572845458984,103.35530090332031,134.8389892578125
2020-05-11,74.51000213623047,103.06609344482422,133.7864227294922
2020-05-12,74.5271987915039,103.40631103515625,135.15965270996094
2020-05-13,74.5271987915039,103.618896484375,136.10528564453125
2020-05-14,74.51000213623047,103.78047180175781,137.43753051757812
2020-05-15,74.55298614501953,103.71247863769531,137.0838623046875
2020-05-18,74.49274444580078,103.07459259033203,134.0741729736328
2020-05-19,74.53572845458984,103.36375427246094,134.57583618164062
2020-05-20,74.53572845458984,103.38926696777344,134.97877502441406
2020-05-21,74.5185317993164,103.45732879638672,135.31591796875
2020-05-22,74.5185317993164,103.65290069580078,136.1300048828125
2020-05-26,74.5185317993164,103.3807601928711,134.304443359375
2020-05-27,74.5013656616211,103.46582794189453,134.05783081054688
2020-05-28,74.53572845458984,103.37226867675781,133.5645294189453
2020-05-29,74.53572845458984,103.70397186279297,134.51834106445312
2020-06-01,74.52714538574219,103.66307830810547,133.6125946044922
2020-06-02,74.52714538574219,103.49281311035156,133.1268310546875
2020-06-03,74.4669189453125,102.87991333007812,131.3566131591797
2020-06-04,74.48411560058594,102.47126007080078,129.4547576904297
2020-06-05,74.45829010009766,101.96049499511719,128.53257751464844
2020-06-08,74.44107818603516,102.0711669921875,129.02658081054688
2020-06-09,74.4669189453125,102.43721771240234,130.4921875
2020-06-10,74.50995635986328,103.20335388183594,132.42701721191406
2020-06-11,74.47552490234375,103.56944274902344,134.92999267578125
2020-06-12,74.5013198852539,103.33959197998047,133.6291046142578
2020-06-15,74.48411560058594,103.25443267822266,133.7031707763672
2020-06-16,74.47552490234375,103.0416259765625,131.65304565429688
2020-06-17,74.5013198852539,103.20335388183594,132.19651794433594
2020-06-18,74.49270629882812,103.43323516845703,133.59616088867188
2020-06-19,74.50995635986328,103.46728515625,133.7031707763672
2020-06-22,74.49270629882812,103.37366485595703,133.7196502685547
2020-06-23,74.50995635986328,103.33959197998047,132.80577087402344
2020-06-24,74.51856994628906,103.5353775024414,134.23011779785156
2020-06-25,74.51856994628906,103.55240631103516,134.6170654296875
2020-06-26,74.54437255859375,103.83334350585938,136.0579376220703
2020-06-29,74.56159210205078,103.93550109863281,135.62979125976562
2020-06-30,74.55296325683594,103.74825286865234,134.97122192382812
2020-07-01,74.52798461914062,103.58631134033203,134.70896911621094
2020-07-02,74.56243896484375,103.7141342163086,134.84915161132812
2020-07-06,74.53659057617188,103.56078338623047,134.29685974121094
2020-07-07,74.5538558959961,103.89305877685547,136.18455505371094
2020-07-08,74.5538558959961,103.7311782836914,135.64047241210938
2020-07-09,74.57109069824219,104.06346893310547,137.80015563964844
2020-07-10,74.54521942138672,103.8589859008789,137.10772705078125
2020-07-13,74.54521942138672,103.96975708007812,137.56112670898438
2020-07-14,74.5538558959961,103.96123504638672,137.75894165039062
2020-07-15,74.56243896484375,103.92716217041016,137.11602783203125
2020-07-16,74.56243896484375,104.00381469726562,137.76727294921875
2020-07-17,74.57968139648438,103.9782485961914,137.478759765625
2020-07-20,74.56243896484375,104.0464096069336,137.81668090820312
2020-07-21,74.57968139648438,104.15717315673828,137.89906311035156
2020-07-22,74.57109069824219,104.19127655029297,138.31124877929688
2020-07-23,74.57109069824219,104.29357147216797,139.92694091796875
2020-07-24,74.57968139648438,104.24240112304688,139.91867065429688
2020-07-27,74.5538558959961,104.08053588867188,139.39938354492188
2020-07-28,74.57109069824219,104.32762908935547,140.3638153076172
2020-07-29,74.58828735351562,104.46394348144531,140.12472534179688
2020-07-30,74.6141357421875,104.60877227783203,141.04795837402344
2020-07-31,74.62277221679688,104.63434600830078,140.9573211669922
2020-08-03,74.62275695800781,104.58319854736328,140.2476348876953
2020-08-04,74.63134765625,104.94136047363281,141.5845489501953
2020-08-05,74.6141357421875,104.59173583984375,140.34666442871094
2020-08-06,74.6141357421875,104.71115112304688,141.130615234375
2020-08-07,74.60552215576172,104.48938751220703,140.18984985351562
2020-08-10,74.58826446533203,104.37855529785156,139.5626678466797
2020-08-11,74.57105255126953,104.02037811279297,137.90394592285156
2020-08-12,74.55382537841797,103.71339416503906,136.64959716796875
2020-08-13,74.54520416259766,103.50020599365234,135.1889190673828
2020-08-14,74.55382537841797,103.55134582519531,134.66087341308594
2020-08-17,74.5624008178711,103.721923828125,134.99917602539062
2020-08-18,74.57105255126953,103.9010238647461,135.96463012695312
2020-08-19,74.57105255126953,103.7645492553711,135.11465454101562
2020-08-20,74.57105255126953,104.06299591064453,136.33602905273438
2020-08-21,74.5624008178711,104.1397476196289,137.15293884277344
2020-08-24,74.55382537841797,103.99478912353516,136.93014526367188
2020-08-25,74.5624008178711,103.74748229980469,135.88223266601562
2020-08-26,74.5624008178711,103.70484924316406,135.3622589111328
2020-08-27,74.55382537841797,103.338134765625,133.05979919433594
2020-08-28,74.57966613769531,103.50873565673828,132.9607391357422
2020-08-31,74.60552215576172,103.61956024169922,133.84376525878906
2020-09-01,74.58744049072266,103.95921325683594,135.37469482421875
2020-09-02,74.59598541259766,104.10430145263672,136.6634979248047
2020-09-03,74.58744049072266,104.2408447265625,137.05181884765625
2020-09-04,74.5615463256836,103.66055297851562,134.4493865966797
2020-09-08,74.57015228271484,103.88241577148438,135.27549743652344
2020-09-09,74.57876586914062,103.83121490478516,134.91209411621094
2020-09-10,74.57015228271484,103.95921325683594,135.59776306152344
2020-09-11,74.58744049072266,104.12138366699219,135.88694763183594
2020-09-14,74.57876586914062,104.02748107910156,135.87863159179688
2020-09-15,74.58744049072266,103.97631072998047,135.54818725585938
2020-09-16,74.59598541259766,103.91654205322266,135.14334106445312
2020-09-17,74.57876586914062,103.95066833496094,135.55648803710938
2020-09-18,74.58744049072266,103.85682678222656,135.13511657714844
2020-09-21,74.57876586914062,104.04454040527344,135.82080078125
2020-09-22,74.59598541259766,104.04454040527344,135.71347045898438
2020-09-23,74.59598541259766,104.04454040527344,135.89520263671875
2020-09-24,74.58744049072266,104.09576416015625,136.41566467285156
2020-09-25,74.59598541259766,104.18109893798828,136.41566467285156
2020-09-28,74.60466003417969,104.16402435302734,136.0273895263672
2020-09-29,74.59598541259766,104.2408447265625,136.1843719482422
2020-09-30,74.60466003417969,103.95921325683594,134.8789825439453
2020-10-01,74.58740997314453,104.01812744140625,135.1015167236328
2020-10-02,74.59598541259766,103.91567993164062,134.59698486328125
2020-10-05,74.57015228271484,103.25814819335938,131.9671173095703
2020-10-06,74.57015228271484,103.49723052978516,132.6782989501953
2020-10-07,74.56153869628906,103.19835662841797,131.71070861816406
2020-10-08,74.56153869628906,103.38622283935547,132.42196655273438
2020-10-09,74.56153869628906,103.33497619628906,132.39712524414062
2020-10-12,74.57876586914062,103.44599914550781,132.8189239501953
2020-10-13,74.57015228271484,103.67656707763672,133.77001953125
2020-10-14,74.57015228271484,103.71070861816406,134.07591247558594
2020-10-15,74.58740997314453,103.59970092773438,133.84439086914062
2020-10-16,74.57876586914062,103.53993225097656,133.4722442626953
2020-10-19,74.57876586914062,103.36915588378906,132.96780395507812
2020-10-20,74.57015228271484,103.14712524414062,131.70245361328125
2020-10-21,74.57015228271484,103.0104751586914,131.24754333496094
2020-10-22,74.54427337646484,102.65184020996094,129.88294982910156
2020-10-23,74.5528564453125,102.7969741821289,130.67697143554688
2020-10-26,74.56153869628906,103.07026672363281,131.8926239013672
2020-10-27,74.56153869628906,103.30081939697266,132.77752685546875
2020-10-28,74.56153869628906,103.29228973388672,132.901611328125
2020-10-29,74.57876586914062,102.8567886352539,131.61146545410156
2020-10-30,74.57015228271484,102.52374267578125,130.3130645751953
2020-11-02,74.56925964355469,102.69977569580078,131.2891082763672
2020-11-03,74.552001953125,102.46907043457031,130.52748107910156
2020-11-04,74.56925964355469,103.3320541381836,133.35897827148438
2020-11-05,74.552001953125,103.31501007080078,133.59072875976562
2020-11-06,74.56066131591797,102.96466064453125,131.97633361816406
2020-11-09,74.53472900390625,102.20417785644531,129.20278930664062
2020-11-10,74.52611541748047,101.9136734008789,128.45770263671875
2020-11-11,74.50885009765625,102.0760269165039,128.92129516601562
2020-11-12,74.51747131347656,102.65705108642578,131.11526489257812
2020-11-13,74.51747131347656,102.52033233642578,130.9414520263672
2020-11-16,74.53472900390625,102.44344329833984,130.6268310546875
2020-11-17,74.52611541748047,102.70830535888672,131.4795684814453
2020-11-18,74.52611541748047,102.67416381835938,131.8603973388672
2020-11-19,74.54337310791016,102.78523254394531,132.53927612304688
2020-11-20,74.552001953125,102.96466064453125,133.71493530273438
2020-11-23,74.552001953125,102.75959777832031,133.10231018066406
2020-11-24,74.56066131591797,102.59725952148438,131.77761840820312
2020-11-25,74.56925964355469,102.63138580322266,131.37188720703125
2020-11-27,74.56925964355469,102.93901824951172,132.6469268798828
2020-11-30,74.5865478515625,102.87065124511719,132.48133850097656
2020-12-01,74.5459213256836,102.32344818115234,130.52798461914062
2020-12-02,74.56321716308594,102.15242004394531,129.49200439453125
2020-12-03,74.58049774169922,102.42601013183594,130.53622436523438
2020-12-04,74.57184600830078,102.02416229248047,128.621826171875
2020-12-07,74.58912658691406,102.34054565429688,129.78213500976562
2020-12-08,74.57184600830078,102.44312286376953,130.39537048339844
2020-12-09,74.56321716308594,102.29779815673828,129.9644775390625
2020-12-10,74.58049774169922,102.5286636352539,131.11636352539062
2020-12-11,74.62364959716797,102.73385620117188,131.58045959472656
2020-12-14,74.61502075195312,102.67401885986328,131.2158203125
2020-12-15,74.61502075195312,102.57136535644531,130.776611328125
2020-12-16,74.61502075195312,102.48589324951172,130.42855834960938
2020-12-17,74.61677551269531,102.41144561767578,130.08346557617188
2020-12-18,74.60810089111328,102.32592010498047,129.6934814453125
2020-12-21,74.60810089111328,102.39432525634766,130.20790100097656
2020-12-22,74.60810089111328,102.5654296875,130.8798065185547
2020-12-23,74.62541198730469,102.35157775878906,129.97555541992188
2020-12-24,74.60810089111328,102.49700164794922,130.48988342285156
2020-12-28,74.61677551269531,102.50556182861328,130.5480194091797
2020-12-29,74.61677551269531,102.48845672607422,130.38214111328125
2020-12-30,74.62541198730469,102.55692291259766,130.66415405273438
2020-12-31,74.61677551269531,102.62535095214844,130.85491943359375
2021-01-04,74.62541198730469,102.65103912353516,130.6973114013672
2021-01-05,74.62541198730469,102.41144561767578,129.72666931152344
2021-01-06,74.58219909667969,101.8125991821289,127.06355285644531
2021-01-07,74.5994873046875,101.45323944091797,125.94361114501953
2021-01-08,74.59082794189453,101.16234588623047,125.53707885742188
2021-01-11,74.58219909667969,100.965576171875,125.32974243164062
2021-01-12,74.58219909667969,100.94842529296875,125.23017883300781
2021-01-13,74.57355499267578,101.29920196533203,126.64048767089844
2021-01-14,74.58219909667969,101.0682373046875,125.4541244506836
2021-01-15,74.59082794189453,101.34199523925781,125.95201110839844
2021-01-19,74.61677551269531,101.40192413330078,126.35840606689453
2021-01-20,74.60810089111328,101.4446792602539,126.48292541503906
2021-01-21,74.61677551269531,101.29920196533203,125.59521484375
2021-01-22,74.61677551269531,101.45323944091797,126.00167083740234
2021-01-25,74.62541198730469,101.86389923095703,127.48666381835938
2021-01-26,74.61677551269531,101.82967376708984,127.24614715576172
2021-01-27,74.61677551269531,101.949462890625,127.56965637207031
2021-01-28,74.60810089111328,101.6842269897461,126.864501953125
2021-01-29,74.634033203125,101.50456237792969,126.101318359375
2021-02-01,74.64266967773438,101.63127136230469,126.24742126464844
2021-02-02,74.61675262451172,101.37442779541016,125.43346405029297
2021-02-03,74.62540435791016,101.12613677978516,124.32048034667969
2021-02-04,74.62540435791016,101.09191131591797,123.98826599121094
2021-02-05,74.64266967773438,100.87787628173828,122.95005798339844
2021-02-08,74.63400268554688,100.9206771850586,123.48994445800781
2021-02-09,74.61675262451172,100.99772644042969,123.5812759399414
2021-02-10,74.62540435791016,101.25454711914062,124.4035415649414
2021-02-11,74.62540435791016,101.1775131225586,123.72248840332031
2021-02-12,74.63400268554688,100.8436508178711,122.18592071533203
2021-02-16,74.60810852050781,100.11593627929688,120.32537841796875
2021-02-17,74.62540435791016,100.1843490600586,121.08956909179688
2021-02-18,74.62540435791016,100.17584228515625,120.59949493408203
2021-02-19,74.63400268554688,99.7734603881836,118.99650573730469
2021-02-22,74.61675262451172,99.61080932617188,118.09117889404297
2021-02-23,74.62540435791016,99.68785095214844,117.75059509277344
2021-02-24,74.60810852050781,99.55086517333984,116.97822570800781
2021-02-25,74.49575805664062,98.2238540649414,115.06787872314453
2021-02-26,74.59081268310547,99.105712890625,118.87187194824219
2021-03-01,74.58390045166016,98.9942855834961,117.30191802978516
2021-03-02,74.60118865966797,99.17420196533203,117.31025695800781
2021-03-03,74.55796813964844,98.64306640625,116.03795623779297
2021-03-04,74.55796813964844,98.15480041503906,115.28949737548828
2021-03-05,74.55796813964844,98.01773071289062,115.51405334472656
2021-03-08,74.53205871582031,97.63226318359375,114.61595153808594
2021-03-09,74.53205871582031,98.09484100341797,116.20428466796875
2021-03-10,74.55796813964844,98.3004150390625,116.43706512451172
2021-03-11,74.55796813964844,98.26618957519531,115.59718322753906
2021-03-12,74.54935455322266,97.55514526367188,113.14404296875
2021-03-15,74.55796813964844,97.67507934570312,113.8093032836914
2021-03-16,74.55796813964844,97.657958984375,113.3519515991211
2021-03-17,74.57524108886719,97.49517822265625,112.50373077392578
2021-03-18,74.5666275024414,96.88695526123047,111.36447143554688
2021-03-19,74.5666275024414,96.8270034790039,112.0546646118164
2021-03-22,74.55796813964844,97.14395904541016,113.31034851074219
2021-03-23,74.5666275024414,97.62368774414062,114.33322143554688
2021-03-24,74.58390045166016,97.7521743774414,114.94857025146484
2021-03-25,74.59255981445312,97.62368774414062,114.04218292236328
2021-03-26,74.59255981445312,97.29814910888672,113.64295196533203
2021-03-29,74.57524108886719,96.96404266357422,112.6783676147461
2021-03-30,74.57524108886719,96.87837982177734,113.268798828125
2021-03-31,74.54935455322266,96.74132537841797,112.63677978515625
2021-04-01,74.54846954345703,97.1699447631836,114.50621795654297
2021-04-05,74.53118896484375,96.89562225341797,114.00657653808594
2021-04-06,74.54846954345703,97.36710357666016,114.78105163574219
2021-04-07,74.55711364746094,97.30707550048828,113.98158264160156
2021-04-08,74.58305358886719,97.64137268066406,114.92259216308594
2021-04-09,74.55711364746094,97.38420867919922,114.50621795654297
2021-04-12,74.53985595703125,97.32422637939453,114.45625305175781
2021-04-13,74.56575775146484,97.72708129882812,115.3139419555664
2021-04-14,74.56575775146484,97.60710144042969,114.94754791259766
2021-04-15,74.58305358886719,98.23283386230469,116.87116241455078
2021-04-16,74.57440948486328,97.96709442138672,115.96344757080078
2021-04-19,74.56575775146484,97.86420440673828,115.63037109375
2021-04-20,74.58305358886719,98.15567779541016,116.16329956054688
2021-04-21,74.60034942626953,98.20709991455078,116.396484375
2021-04-22,74.5916976928711,98.28424072265625,116.9044418334961
2021-04-23,74.57440948486328,98.15567779541016,116.62960052490234
2021-04-26,74.55711364746094,98.05280303955078,116.46309661865234
2021-04-27,74.54846954345703,97.66710662841797,115.44718933105469
2021-04-28,74.56575775146484,97.79568481445312,115.52218627929688
2021-04-29,74.58305358886719,97.62422180175781,115.18074035644531
2021-04-30,74.5916976928711,97.70994567871094,115.44718933105469
2021-05-03,74.58479309082031,97.87635040283203,115.51641082763672
2021-05-04,74.58479309082031,98.00497436523438,116.30032348632812
2021-05-05,74.60208129882812,98.12510681152344,116.49209594726562
2021-05-06,74.60208129882812,98.16795349121094,116.68391418457031
2021-05-07,74.6280288696289,98.20230102539062,116.10853576660156
2021-05-10,74.60208129882812,98.00497436523438,114.93267059326172
2021-05-11,74.59342193603516,97.8420181274414,114.28217315673828
2021-05-12,74.58479309082031,97.37028503417969,113.08132934570312
2021-05-13,74.60208129882812,97.69617462158203,113.2564468383789
2021-05-14,74.60208129882812,97.91068267822266,114.31562042236328
2021-05-17,74.60208129882812,97.81626892089844,114.07368469238281
2021-05-18,74.61071014404297,97.81626892089844,113.78182220458984
2021-05-19,74.58479309082031,97.52467346191406,113.50662994384766
2021-05-20,74.61933898925781,97.92776489257812,114.44062042236328
2021-05-21,74.60208129882812,97.96211242675781,114.80755615234375
2021-05-24,74.61933898925781,98.05645751953125,115.2328872680664
2021-05-25,74.61933898925781,98.416748046875,116.30032348632812
2021-05-26,74.63668060302734,98.30521392822266,116.10017395019531
2021-05-27,74.63668060302734,98.13363647460938,115.63312530517578
2021-05-28,74.63668060302734,98.12510681152344,115.44971466064453
2021-06-01,74.6210708618164,98.10704803466797,115.42382049560547
2021-06-02,74.62977600097656,98.21864318847656,115.69107055664062
2021-06-03,74.60382080078125,97.96974182128906,115.25679016113281
2021-06-04,74.62977600097656,98.51046752929688,116.83515930175781
2021-06-07,74.6210708618164,98.43321228027344,116.47604370117188
2021-06-08,74.63836669921875,98.71649169921875,117.2944564819336
2021-06-09,74.6210708618164,99.0255126953125,118.33003997802734
2021-06-10,74.64701080322266,99.37740325927734,119.03993225097656
2021-06-11,74.62977600097656,99.23148345947266,118.84786224365234
2021-06-14,74.60382080078125,98.9224624633789,117.93756103515625
2021-06-15,74.59516906738281,98.93968200683594,117.79553985595703
2021-06-16,74.52598571777344,98.26158142089844,117.69534301757812
2021-06-17,74.52598571777344,98.61347198486328,119.45745086669922
2021-06-18,74.4654541015625,99.1714096069336,121.7040023803711
2021-06-21,74.48274230957031,98.85379028320312,119.666259765625
2021-06-22,74.52598571777344,99.03404998779297,119.95860290527344
2021-06-23,74.47409057617188,98.83665466308594,119.64958953857422
2021-06-24,74.48274230957031,98.8194808959961,119.84160614013672
2021-06-25,74.47409057617188,98.61347198486328,118.59729766845703
2021-06-28,74.50003814697266,98.9224624633789,119.81661224365234
2021-06-29,74.49137878417969,98.97398376464844,120.01701354980469
2021-06-30,74.50867462158203,99.12847137451172,120.5515365600586
2021-07-01,74.4939956665039,99.05720520019531,120.55821228027344
2021-07-02,74.52857208251953,99.41793823242188,121.28570556640625
2021-07-06,74.55449676513672,99.94183349609375,122.70732879638672
2021-07-07,74.56317138671875,100.2338638305664,123.7944107055664
2021-07-08,74.5977783203125,100.49153137207031,124.27937316894531
2021-07-09,74.57182312011719,99.98480987548828,122.53173828125
2021-07-12,74.55449676513672,99.93325805664062,122.37281036376953
2021-07-13,74.4939956665039,99.62406158447266,121.43621826171875
2021-07-14,74.54585266113281,100.0534896850586,122.81598663330078
2021-07-15,74.55449676513672,100.47437286376953,124.1706771850586
2021-07-16,74.54585266113281,100.45720672607422,123.9365463256836
2021-07-19,74.5804672241211,101.31610870361328,126.65428924560547
2021-07-20,74.61503601074219,101.18724822998047,125.433349609375
2021-07-21,74.5890884399414,100.60321807861328,123.84453582763672
2021-07-22,74.5977783203125,100.83511352539062,125.0152587890625
2021-07-23,74.60643005371094,100.68052673339844,124.17903900146484
2021-07-26,74.5890884399414,100.61181640625,123.81108856201172
2021-07-27,74.60643005371094,101.04121398925781,125.13228607177734
2021-07-28,74.61503601074219,101.12713623046875,125.14073181152344
2021-07-29,74.61503601074219,100.81793212890625,124.44668579101562
2021-07-30,74.63235473632812,101.10133361816406,125.03202819824219
2021-08-02,74.66000366210938,101.54488372802734,126.1471939086914
2021-08-03,74.66000366210938,101.57064056396484,126.21417999267578
2021-08-04,74.6340560913086,101.54488372802734,126.47367095947266
2021-08-05,74.59945678710938,101.1752700805664,125.82904052734375
2021-08-06,74.57356262207031,100.582275390625,123.7276382446289
2021-08-09,74.54759979248047,100.36740112304688,123.2837905883789
2021-08-10,74.52164459228516,100.17829895019531,122.71453094482422
2021-08-11,74.5562515258789,100.29006958007812,122.6391372680664
2021-08-12,74.5562515258789,100.1868667602539,122.4382095336914
2021-08-13,74.56487274169922,100.7627182006836,124.37229919433594
2021-08-16,74.58219146728516,100.9861831665039,124.67364501953125
2021-08-17,74.56487274169922,100.93465423583984,124.62345123291016
2021-08-18,74.56487274169922,100.8830337524414,125.04204559326172
2021-08-19,74.56487274169922,101.10649871826172,125.96302795410156
2021-08-20,74.56487274169922,101.01199340820312,126.04676055908203
2021-08-23,74.56487274169922,101.03778076171875,125.96302795410156
2021-08-24,74.5562515258789,100.7627182006836,124.98346710205078
2021-08-25,74.54759979248047,100.36740112304688,123.94520568847656
2021-08-26,74.54759979248047,100.36740112304688,124.28853607177734
2021-08-27,74.59945678710938,100.69401550292969,125.13417053222656
2021-08-30,74.61680603027344,100.89166259765625,125.46063232421875
2021-08-31,74.60814666748047,100.70259094238281,124.60672760009766
2021-09-01,74.60208129882812,100.74557495117188,124.81539154052734
2021-09-02,74.60208129882812,100.865966796875,125.36029815673828
2021-09-03,74.60208129882812,100.62517547607422,124.2202377319336
2021-09-07,74.57610321044922,100.22956848144531,123.17235565185547
2021-09-08,74.59343719482422,100.50479888916016,124.01063537597656
2021-09-09,74.6106948852539,100.78858947753906,125.51123046875
2021-09-10,74.5848159790039,100.47038269042969,124.4046401977539
2021-09-13,74.60208129882812,100.59078216552734,125.15916442871094
2021-09-14,74.6106948852539,100.96920013427734,126.67646026611328
2021-09-15,74.6106948852539,100.79720306396484,126.23210906982422
2021-09-16,74.5848159790039,100.47897338867188,125.65373229980469
2021-09-17,74.56748962402344,100.18653106689453,125.05012512207031
2021-09-20,74.5848159790039,100.69400787353516,126.6009750366211
2021-09-21,74.60208129882812,100.63379669189453,126.4920425415039
2021-09-22,74.558837890625,100.7283935546875,127.2464370727539
2021-09-23,74.51557159423828,99.81674194335938,124.37115478515625
2021-09-24,74.48959350585938,99.51571655273438,123.15553283691406
2021-09-27,74.48097229003906,99.24909973144531,122.70283508300781
2021-09-28,74.48959350585938,98.87068176269531,120.79157257080078
2021-09-29,74.51557159423828,98.9738998413086,121.00112915039062
2021-09-30,74.53286743164062,99.09432983398438,120.98440551757812
2021-10-01,74.56836700439453,99.49878692626953,122.00251007080078
2021-10-04,74.53372192382812,99.37830352783203,121.69196319580078
2021-10-05,74.52505493164062,99.06849670410156,120.51683044433594
2021-10-06,74.51642608642578,99.09429168701172,121.19669342041016
2021-10-07,74.4904556274414,98.6983871459961,119.92930603027344
2021-10-08,74.46448516845703,98.4832534790039,119.08990478515625
2021-10-11,74.4039535522461,98.24224853515625,118.78775787353516
2021-10-12,74.43854522705078,98.68981170654297,120.81902313232422
2021-10-13,74.41259002685547,98.879150390625,121.99412536621094
2021-10-14,74.41259002685547,99.11151885986328,122.4473648071289
2021-10-15,74.36930847167969,98.62093353271484,121.73393249511719
2021-10-18,74.31739044189453,98.4832534790039,122.3046875
2021-10-19,74.3433609008789,98.13038635253906,120.61752319335938
2021-10-20,74.36930847167969,98.08734130859375,119.8033218383789
2021-10-21,74.28279113769531,97.82914733886719,119.6606674194336
2021-10-22,74.26548767089844,98.0787353515625,120.97850036621094
2021-10-25,74.30009460449219,98.19921112060547,120.79381561279297
2021-10-26,74.28279113769531,98.31973266601562,121.79268646240234
2021-10-27,74.26548767089844,98.87055969238281,124.00863647460938
2021-10-28,74.27416229248047,98.61235046386719,123.58892822265625
2021-10-29,74.28279113769531,98.65538787841797,123.9666519165039
2021-11-01,74.24906921386719,98.64762115478516,123.07408905029297
2021-11-02,74.3269271850586,98.88877868652344,123.62042236328125
2021-11-03,74.30961608886719,98.57872772216797,122.34294128417969
2021-11-04,74.37886047363281,99.11270141601562,123.62876892089844
2021-11-05,74.41346740722656,99.6552963256836,125.47772979736328
2021-11-08,74.3269271850586,99.22464752197266,125.24244689941406
2021-11-09,74.37019348144531,99.68109893798828,126.87290954589844
2021-11-10,74.22307586669922,98.82848358154297,124.55328369140625
2021-11-11,74.1711654663086,98.50983428955078,124.368408203125
2021-11-12,74.23174285888672,98.7165298461914,123.8221206665039
2021-11-15,74.22307586669922,98.32894134521484,122.26722717285156
2021-11-16,74.22307586669922,98.24283599853516,121.95633697509766
2021-11-17,74.24906921386719,98.5959701538086,122.92279052734375
2021-11-18,74.24040985107422,98.65621185302734,123.38506317138672
2021-11-19,74.22307586669922,98.92323303222656,124.68778228759766
2021-11-22,74.13655090332031,98.19979095458984,123.22537231445312
2021-11-23,74.13655090332031,97.79496765136719,121.44363403320312
2021-11-24,74.1192626953125,98.096435546875,123.39347839355469
2021-11-26,74.26637268066406,99.36246490478516,126.51153564453125
2021-11-29,74.30097198486328,99.13854217529297,125.49459075927734
2021-11-30,74.24040985107422,99.7328109741211,127.4023208618164
2021-12-01,74.24906158447266,99.92070007324219,128.1883087158203
2021-12-02,74.15380096435547,99.70519256591797,128.34814453125
2021-12-03,74.19707489013672,100.29130554199219,129.879638671875
2021-12-06,74.13648986816406,99.79141998291016,128.09573364257812
2021-12-07,74.04124450683594,99.41217041015625,127.06071472167969
2021-12-08,74.06722259521484,99.0932388305664,124.86451721191406
2021-12-09,74.04124450683594,99.34323120117188,125.56298828125
2021-12-10,74.07589721679688,99.41217041015625,125.25995635986328
2021-12-13,74.11917877197266,99.88619995117188,127.11117553710938
2021-12-14,74.07589721679688,99.7138671875,126.80829620361328
2021-12-15,74.10186767578125,99.56730651855469,125.58822631835938
2021-12-16,74.1607437133789,99.85716247558594,125.63703918457031
2021-12-17,74.1261215209961,100.08148193359375,127.06069946289062
2021-12-20,74.14344024658203,99.9952392578125,126.10879516601562
2021-12-21,74.10015106201172,99.59837341308594,125.62862396240234
2021-12-22,74.09148406982422,99.69327545166016,126.20983123779297
2021-12-23,74.08280181884766,99.48622131347656,125.11470031738281
2021-12-27,74.05682373046875,99.5207290649414,125.41800689697266
2021-12-28,74.05682373046875,99.50347137451172,124.92095947265625
2021-12-29,74.04817199707031,98.99452209472656,123.5562744140625
2021-12-30,74.09148406982422,99.32229614257812,124.59248352050781
2021-12-31,74.08280181884766,99.21015167236328,124.83671569824219
2022-01-03,73.99620056152344,98.28707122802734,121.55979919433594
2022-01-04,74.03949737548828,98.23529815673828,121.05428314208984
2022-01-05,73.94420623779297,97.82121276855469,120.39727020263672
2022-01-06,73.88361358642578,97.57967376708984,120.70887756347656
2022-01-07,73.86629486083984,97.26048278808594,119.84119415283203
2022-01-10,73.822998046875,97.23458099365234,120.13606262207031
2022-01-11,73.84893035888672,97.46749114990234,120.9364242553711
2022-01-12,73.822998046875,97.48475646972656,120.47303009033203
2022-01-13,73.85760498046875,97.79534912109375,121.54293060302734
2022-01-14,73.76234436035156,97.12244415283203,119.70649719238281
2022-01-18,73.6497573852539,96.3891372680664,118.0216293334961
2022-01-19,73.6844253540039,96.62206268310547,118.8387680053711
2022-01-20,73.66709899902344,96.8291015625,119.57169342041016
2022-01-21,73.72771453857422,97.38986206054688,120.99536895751953
2022-01-24,73.77102661132812,97.30361938476562,120.00129699707031
2022-01-25,73.73638916015625,97.17418670654297,119.8074951171875
2022-01-26,73.60649108886719,96.48403930664062,118.35859680175781
2022-01-27,73.54583740234375,96.88946533203125,120.53199005126953
2022-01-28,73.57182312011719,97.11381530761719,120.57414245605469
2022-01-31,73.57182312011719,97.11381530761719,119.95081329345703
2022-02-01,73.56575012207031,96.98255157470703,119.55254364013672
2022-02-02,73.58309173583984,97.18115234375,119.9575424194336
2022-02-03,73.5224609375,96.76665496826172,119.02111053466797
2022-02-04,73.37519836425781,96.0240478515625,117.26651000976562
2022-02-07,73.39250946044922,96.04995727539062,117.3424072265625
2022-02-08,73.31453704833984,95.73906707763672,116.55787658691406
2022-02-09,73.30587768554688,95.86859893798828,116.77720642089844
2022-02-10,72.93338775634766,94.98779296875,114.92129516601562
2022-02-11,73.15861511230469,95.97220611572266,116.62538146972656
2022-02-14,73.00267028808594,95.30731201171875,115.17436218261719
2022-02-15,73.02869415283203,95.02237701416016,113.86685180664062
2022-02-16,73.12393951416016,95.22096252441406,114.54171752929688
2022-02-17,73.16726684570312,95.7304458618164,115.39371490478516
2022-02-18,73.17594146728516,96.04129028320312,116.60848236083984
2022-02-22,73.10665130615234,96.03269958496094,116.91217803955078
2022-02-23,73.06328582763672,95.53182220458984,115.30091094970703
2022-02-24,73.12393951416016,95.75634765625,115.3768539428711
2022-02-25,73.12393951416016,95.7304458618164,115.46123504638672
2022-02-28,73.25392150878906,96.81847381591797,117.99195098876953
2022-03-01,73.42286682128906,97.76143646240234,119.35614776611328
2022-03-02,73.18022918701172,96.29214477539062,115.27625274658203
2022-03-03,73.18022918701172,96.70700073242188,116.45039367675781
2022-03-04,73.25822448730469,97.66634368896484,118.46076965332031
2022-03-07,73.16289520263672,97.25148010253906,117.55697631835938
2022-03-08,73.06756591796875,96.6205825805664,116.3743667602539
2022-03-09,73.02425384521484,96.02420806884766,115.23399353027344
2022-03-10,72.9636001586914,95.58336639404297,113.57837677001953
2022-03-11,72.9376220703125,95.55747985839844,113.95850372314453
2022-03-14,72.74699401855469,94.3474349975586,111.2977294921875
2022-03-15,72.77296447753906,94.30420684814453,111.10344696044922
2022-03-16,72.7036361694336,94.1745834350586,112.19314575195312
2022-03-17,72.67767333984375,93.99305725097656,111.35685729980469
2022-03-18,72.66029357910156,94.26966857910156,112.71680450439453
2022-03-21,72.41769409179688,93.0423355102539,110.106689453125
2022-03-22,72.36569213867188,92.53242492675781,108.69602966308594
2022-03-23,72.42633819580078,93.15469360351562,111.07809448242188
2022-03-24,72.40899658203125,92.63612365722656,110.20806884765625
2022-03-25,72.2096939086914,91.68537902832031,108.67914581298828
2022-03-28,72.1404037475586,91.892822265625,109.60832977294922
2022-03-29,72.17504119873047,92.35088348388672,110.4361572265625
2022-03-30,72.22701263427734,92.71392059326172,111.2977294921875
2022-03-31,72.22701263427734,92.88677978515625,111.5680160522461
2022-04-01,72.0761947631836,92.28195190429688,111.99269104003906
2022-04-04,72.1195297241211,92.22134399414062,111.21441650390625
2022-04-05,71.98948669433594,91.1224594116211,108.7018051147461
2022-04-06,72.04149627685547,90.80233764648438,107.82195281982422
2022-04-07,72.0935287475586,90.57733154296875,107.00983428955078
2022-04-08,72.00682830810547,90.11874389648438,105.85078430175781
2022-04-11,72.02418518066406,89.68608093261719,104.17571258544922
2022-04-12,72.20623779296875,90.11874389648438,104.03189849853516
2022-04-13,72.24089813232422,90.31775665283203,104.24340057373047
2022-04-14,72.1108627319336,89.50438690185547,102.15379333496094
2022-04-18,72.1108627319336,89.24478912353516,101.64618682861328
2022-04-19,71.94612884521484,88.65640258789062,100.88480377197266
2022-04-20,71.98948669433594,89.3486099243164,102.91517639160156
2022-04-21,71.86811828613281,88.85543060302734,102.15379333496094
2022-04-22,71.85077667236328,88.89867401123047,101.51081848144531
2022-04-25,71.96347045898438,89.46978759765625,102.52601623535156
2022-04-26,72.0935287475586,90.06684875488281,103.55815124511719
2022-04-27,72.058837890625,89.5649642944336,102.22993469238281
2022-04-28,72.00682830810547,89.4351577758789,102.38219451904297
2022-04-29,71.86811828613281,88.95926666259766,101.05400848388672
2022-05-02,71.86292266845703,88.2965087890625,99.30233001708984
2022-05-03,71.8282241821289,88.40047454833984,99.9718017578125
2022-05-04,72.01907348632812,88.97222900390625,100.52267456054688
2022-05-05,71.89762115478516,88.0799560546875,97.76849365234375
2022-05-06,71.88894653320312,87.57743835449219,96.327880859375
2022-05-09,72.07107543945312,88.22718811035156,97.1752700805664
2022-05-10,72.0277099609375,88.52177429199219,98.05662536621094
2022-05-11,72.03640747070312,89.06755065917969,99.94640350341797
2022-05-12,72.14048767089844,89.36209106445312,99.75997161865234
2022-05-13,72.11447143554688,88.89427947998047,98.28545379638672
2022-05-16,72.1578369140625,89.26680755615234,98.18374633789062
2022-05-17,72.00171661376953,88.591064453125,96.99732971191406
2022-05-18,72.03640747070312,89.22347259521484,99.06507873535156
2022-05-19,72.14048767089844,89.5440444946289,99.30233001708984
2022-05-20,72.19253540039062,89.95986938476562,100.4294662475586
2022-05-23,72.1578369140625,89.4140853881836,98.77693939208984
2022-05-24,72.32264709472656,90.18513488769531,100.72603607177734
2022-05-25,72.37467193603516,90.36705780029297,101.12434387207031
2022-05-26,72.39203643798828,90.32371520996094,100.66671752929688
2022-05-27,72.40937805175781,90.45370483398438,100.9124984741211
2022-05-31,72.2966079711914,89.5093765258789,98.77693939208984
2022-06-01,72.16205596923828,89.00543975830078,98.6640396118164
2022-06-02,72.1794662475586,89.13552856445312,98.7149658203125
2022-06-03,72.15338134765625,88.96204376220703,98.50271606445312
2022-06-06,72.05790710449219,88.29414367675781,96.68601989746094
2022-06-07,72.06657409667969,88.6497573852539,97.7302017211914
2022-06-08,72.01448059082031,88.32014465332031,96.86426544189453
2022-06-09,71.96239471435547,88.24209594726562,97.18688201904297
2022-06-10,71.65859985351562,87.37467956542969,96.58413696289062
2022-06-13,71.29398345947266,85.82200622558594,93.55340576171875
2022-06-14,71.15512084960938,85.13675689697266,92.37335968017578
2022-06-15,71.43286895751953,86.32511138916016,94.09672546386719
2022-06-16,71.52836608886719,86.88894653320312,94.84379577636719
2022-06-17,71.51101684570312,86.91495513916016,95.14942932128906
2022-06-21,71.48492431640625,86.46390533447266,93.53644561767578
2022-06-22,71.69330596923828,87.55681610107422,96.10872650146484
2022-06-23,71.75409698486328,88.05122375488281,96.89820861816406
2022-06-24,71.7366943359375,87.7389907836914,95.55687713623047
2022-06-27,71.65859985351562,87.24458312988281,94.74192810058594
2022-06-28,71.64122009277344,87.35731506347656,95.18338012695312
2022-06-29,71.72803497314453,88.05989837646484,96.66899871826172
2022-06-30,71.86693572998047,88.73652648925781,97.5179443359375
2022-07-01,72.08325958251953,89.68775939941406,98.5191421508789
2022-07-05,72.07459259033203,90.01787567138672,99.293212890625
2022-07-06,71.87476348876953,89.25338745117188,97.62600708007812
2022-07-07,71.82262420654297,88.70610046386719,96.76686096191406
2022-07-08,71.7357406616211,88.16747283935547,95.69508361816406
2022-07-11,71.76177978515625,88.86250305175781,97.34529113769531
2022-07-12,71.79653930664062,89.07096099853516,97.92371368408203
2022-07-13,71.71835327148438,89.45321655273438,99.04654693603516
2022-07-14,71.69226837158203,88.9580307006836,98.23845672607422
2022-07-15,71.74442291259766,89.2620849609375,98.79134368896484
2022-07-18,71.70096588134766,89.00147247314453,97.76212310791016
2022-07-19,71.62276458740234,88.59315490722656,97.23468780517578
2022-07-20,71.61408233642578,88.50627899169922,97.48989868164062
2022-07-21,71.81393432617188,89.51402282714844,99.17413330078125
2022-07-22,71.99638366699219,90.53912353515625,100.84136962890625
2022-07-25,71.93559265136719,90.21768188476562,99.8546371459961
2022-07-26,71.90081024169922,90.25244903564453,99.93118286132812
2022-07-27,72.01378631591797,90.43486785888672,99.3697509765625
2022-07-28,72.17015838623047,91.3296890258789,100.1608657836914
2022-07-29,72.16148376464844,91.36441040039062,99.88865661621094
2022-08-01,72.15972137451172,91.89874267578125,102.29434204101562
2022-08-02,71.907470703125,90.62818908691406,100.12983703613281
2022-08-03,71.9335708618164,91.00240325927734,101.70632934570312
2022-08-04,72.0292739868164,91.46361541748047,101.67222595214844
2022-08-05,71.73353576660156,90.14085388183594,99.2520751953125
2022-08-08,71.8031234741211,90.67172241210938,100.85417938232422
2022-08-09,71.73353576660156,90.40188598632812,100.4621810913086
2022-08-10,71.8031234741211,90.45414733886719,99.80599975585938
2022-08-11,71.77700805664062,89.85368347167969,97.47958374023438
2022-08-12,71.79442596435547,90.2104721069336,98.46808624267578
2022-08-15,71.8553237915039,90.4976577758789,98.38285827636719
2022-08-16,71.79442596435547,90.39326477050781,98.79190826416016
2022-08-17,71.73353576660156,89.78406524658203,97.76080322265625
2022-08-18,71.83790588378906,89.95809173583984,97.9056625366211
2022-08-19,71.78572845458984,89.18356323242188,96.32913208007812
2022-08-22,71.69005584716797,88.79195404052734,96.00531768798828
2022-08-23,71.72480773925781,88.57439422607422,95.47698974609375
2022-08-24,71.64657592773438,88.27851867675781,94.77820587158203
2022-08-25,71.69005584716797,88.8441390991211,96.09904479980469
2022-08-26,71.67263793945312,88.73970794677734,96.8233871459961
2022-08-29,71.6204605102539,88.2349853515625,96.02236938476562
2022-08-30,71.58567810058594,88.20890045166016,96.26097106933594
2022-08-31,71.57696533203125,87.84336853027344,95.34062957763672
2022-09-01,71.52470397949219,87.14505767822266,93.5951156616211
2022-09-02,71.68147277832031,87.63323211669922,94.12457275390625
2022-09-06,71.52470397949219,86.6568603515625,91.7932357788086
2022-09-07,71.62918090820312,87.22354888916016,93.24500274658203
2022-09-08,71.5421142578125,86.90097045898438,92.28853607177734
2022-09-09,71.48115539550781,86.90967559814453,92.49349212646484
2022-09-12,71.4724349975586,86.700439453125,91.73346710205078
2022-09-13,71.2286376953125,86.21224975585938,91.94693756103516
2022-09-14,71.16764831542969,86.25582885742188,92.26290130615234
2022-09-15,71.08927154541016,85.95943450927734,92.20313262939453
2022-09-16,71.12410736083984,86.0291748046875,91.43456268310547
2022-09-19,71.04574584960938,85.78507232666016,91.64806365966797
2022-09-20,71.01089477539062,85.25326538085938,90.73429870605469
2022-09-21,70.94993591308594,85.59327697753906,92.25438690185547
2022-09-22,70.81928253173828,84.30300903320312,89.89742279052734
2022-09-23,70.73223114013672,84.40760040283203,90.26461791992188
2022-09-26,70.57547760009766,83.00401306152344,88.53961944580078
2022-09-27,70.57547760009766,82.43733215332031,86.2082748413086
2022-09-28,70.8802719116211,84.29429626464844,89.0947036743164
2022-09-29,70.78445434570312,83.9019775390625,88.6335678100586
2022-09-30,70.7234878540039,83.68404388427734,87.48920440673828
2022-10-03,70.87872314453125,84.67720794677734,88.87937927246094
2022-10-04,70.90489196777344,84.85189819335938,88.63115692138672
2022-10-05,70.83512878417969,84.04827880859375,87.7836685180664
2022-10-06,70.7479019165039,83.58531188964844,87.2957763671875
2022-10-07,70.66072082519531,83.17476654052734,86.44830322265625
2022-10-10,70.63455963134766,82.68561553955078,85.1043930053711
2022-10-11,70.66944885253906,82.89525604248047,85.48102569580078
2022-10-12,70.73921966552734,83.1660385131836,85.90048217773438
2022-10-13,70.52992248535156,82.81666564941406,85.07872009277344
2022-10-14,70.49503326416016,82.3536605834961,84.37676239013672
2022-10-17,70.57351684570312,82.44104766845703,83.96588897705078
2022-10-18,70.60839080810547,82.6506576538086,84.16278076171875
2022-10-19,70.47760772705078,81.78592681884766,82.63052368164062
2022-10-20,70.39909362792969,81.17447662353516,81.21810913085938
2022-10-21,70.58222961425781,81.35787963867188,79.75432586669922
2022-10-24,70.5648193359375,81.25305938720703,79.0951919555664
2022-10-25,70.63455963134766,82.266357421875,81.3978500366211
2022-10-26,70.69562530517578,82.68561553955078,82.57061767578125
2022-10-27,70.8438491821289,83.27086639404297,83.4351806640625
2022-10-28,70.73921966552734,82.84284210205078,82.86164855957031
2022-10-31,70.63455963134766,82.46723937988281,82.2710189819336
2022-11-01,70.56554412841797,82.45233917236328,83.03987884521484
2022-11-02,70.5306167602539,82.3122787475586,82.67945098876953
2022-11-03,70.39957427978516,81.95341491699219,82.23323059082031
2022-11-04,70.47818756103516,81.7783203125,80.85169219970703
2022-11-07,70.41706085205078,81.48943328857422,80.04503631591797
2022-11-08,70.48693084716797,82.03218078613281,80.92033386230469
2022-11-09,70.60050964355469,82.3122787475586,81.18636322021484
2022-11-10,70.98487854003906,84.15935516357422,84.30986785888672
2022-11-11,70.96736907958984,83.98426818847656,84.00096893310547
2022-11-14,70.90625,83.78295135498047,83.7950210571289
2022-11-15,70.97611999511719,84.40442657470703,85.15082550048828
2022-11-16,70.98487854003906,85.0260009765625,87.01295471191406
2022-11-17,70.89750671386719,84.44820404052734,86.09477233886719
2022-11-18,70.81889343261719,84.15058898925781,85.5026626586914
2022-11-21,70.80139923095703,84.09806823730469,85.86306762695312
2022-11-22,70.85383605957031,84.57952880859375,87.08158874511719
2022-11-23,70.91499328613281,85.03474426269531,88.60045623779297
2022-11-25,70.92372131347656,85.00846099853516,88.30008697509766
2022-11-28,70.94116973876953,85.04349517822266,88.5489501953125
2022-11-29,70.91499328613281,84.68460845947266,87.51065826416016
2022-11-30,71.1246109008789,85.44615173339844,88.15421295166016
2022-12-01,71.27783203125,86.37943267822266,90.97040557861328
2022-12-02,71.26031494140625,86.55487060546875,92.11441040039062
2022-12-05,71.05901336669922,85.677734375,90.82415008544922
2022-12-06,71.13777923583984,86.20401000976562,91.99398803710938
2022-12-07,71.28659057617188,86.95832061767578,94.16159057617188
2022-12-08,71.2165298461914,86.46714782714844,93.90353393554688
2022-12-09,71.1815185546875,85.82685089111328,91.4607162475586
2022-12-12,71.13777923583984,85.70402526855469,91.75311279296875
2022-12-13,71.34784698486328,86.47592163085938,92.63911437988281
2022-12-14,71.35658264160156,86.71275329589844,93.0347900390625
2022-12-15,71.36622619628906,86.88147735595703,93.39777374267578
2022-12-16,71.43643188476562,86.6617660522461,92.35448455810547
2022-12-19,71.34872436523438,85.95870971679688,90.80244445800781
2022-12-20,71.34872436523438,85.33472442626953,89.1900634765625
2022-12-21,71.41889190673828,85.44020080566406,89.41422271728516
2022-12-22,71.375,85.41382598876953,89.39698028564453
2022-12-23,71.33992004394531,85.02713012695312,88.0864028930664
2022-12-27,71.243408203125,84.31529998779297,86.34465789794922
2022-12-28,71.243408203125,84.11316680908203,85.83592987060547
2022-12-29,71.29606628417969,84.52621459960938,86.81027221679688
2022-12-30,71.2083511352539,84.1746826171875,85.84454345703125
2023-01-03,71.26974487304688,84.83377838134766,87.48281860351562
2023-01-04,71.33992004394531,85.484130859375,88.68131256103516
2023-01-05,71.243408203125,85.36109924316406,89.05207824707031
2023-01-06,71.515380859375,86.45963287353516,90.69034576416016
2023-01-09,71.5855484008789,86.67935180664062,91.1732177734375
2023-01-10,71.5241470336914,86.1344985961914,89.66429138183594
2023-01-11,71.5855484008789,86.68815612792969,91.12149047851562
2023-01-12,71.74349212646484,87.46151733398438,92.91494750976562
2023-01-13,71.62064361572266,86.99573516845703,92.0440673828125
2023-01-17,71.6645278930664,86.7232894897461,91.44911193847656
2023-01-18,71.82242584228516,87.90093994140625,93.66510009765625
2023-01-19,71.80489349365234,87.73394012451172,93.07878112792969
2023-01-20,71.74349212646484,87.1539306640625,91.5698471069336
2023-01-23,71.67328643798828,86.87269592285156,91.13870239257812
2023-01-24,71.69960021972656,87.37361145019531,92.44932556152344
2023-01-25,71.74349212646484,87.47029113769531,92.67352294921875
2023-01-26,71.69960021972656,87.1539306640625,92.24239349365234
2023-01-27,71.69960021972656,87.02208709716797,92.00960540771484
2023-01-30,71.62940979003906,86.7496337890625,91.6733169555664
2023-01-31,71.76102447509766,87.1890869140625,92.40620422363281
2023-02-01,71.88585662841797,87.81613159179688,93.51702880859375
2023-02-02,71.89462280273438,87.7809066772461,93.6380615234375
2023-02-03,71.6309585571289,86.83856201171875,92.23763275146484
2023-02-06,71.42879486083984,86.0899429321289,91.55472564697266
2023-02-07,71.46394348144531,85.8785629272461,90.81993103027344
2023-02-08,71.49031066894531,86.19561004638672,91.25215911865234
2023-02-09,71.43757629394531,85.80811309814453,90.38770294189453
2023-02-10,71.40242004394531,85.3941650390625,89.37625885009766
2023-02-13,71.42001342773438,85.59674072265625,90.12834167480469
2023-02-14,71.27059936523438,85.20921325683594,89.9208984375
2023-02-15,71.27938079833984,84.95380401611328,89.08234405517578
2023-02-16,71.28814697265625,84.67195892333984,87.82026672363281
2023-02-17,71.3497085571289,84.90978240966797,88.503173828125
2023-02-21,71.20907592773438,83.98502349853516,86.78291320800781
2023-02-22,71.24421691894531,84.13475036621094,87.57821655273438
2023-02-23,71.28814697265625,84.46060943603516,88.43403625488281
2023-02-24,71.13876342773438,83.94979858398438,87.28429412841797
2023-02-27,71.2002944946289,84.20520782470703,87.5263442993164
2023-02-28,71.18269348144531,84.33732604980469,87.92399597167969
2023-03-01,71.0523452758789,83.6630630493164,86.97941589355469
2023-03-02,71.07879638671875,83.3188705444336,86.20817565917969
2023-03-03,71.12281036376953,83.98958587646484,88.29662322998047
2023-03-06,71.08759307861328,83.8395767211914,87.61202239990234
2023-03-07,70.93787384033203,83.84837341308594,88.14933013916016
2023-03-08,70.90262603759766,83.8219223022461,88.23596954345703
2023-03-09,71.13159942626953,84.34259033203125,88.45265197753906
2023-03-10,71.51910400390625,85.8958511352539,91.50301361083984
2023-03-13,72.23243713378906,86.93721008300781,91.71099090576172
2023-03-14,71.95944213867188,86.1164779663086,90.203125
2023-03-15,72.38214111328125,87.3608169555664,91.94496154785156
2023-03-16,72.09156799316406,86.57540130615234,91.2257080078125
2023-03-17,72.45259857177734,87.59909057617188,92.59488677978516
2023-03-20,72.36458587646484,87.24608612060547,91.78031921386719
2023-03-21,72.09156799316406,86.48714447021484,90.99171447753906
2023-03-22,72.42621612548828,87.6255874633789,92.20496368408203
2023-03-23,72.63756561279297,88.12860870361328,92.20496368408203
2023-03-24,72.67278289794922,88.15510559082031,92.59488677978516
2023-03-27,72.36458587646484,87.06959533691406,90.41974639892578
2023-03-28,72.28529357910156,87.01666259765625,90.58443450927734
2023-03-29,72.25886535644531,86.86659240722656,90.40245056152344
2023-03-30,72.2676773071289,86.9990005493164,90.81839752197266
2023-03-31,72.35575866699219,87.47557830810547,92.17894744873047
2023-04-03,72.44401550292969,87.88763427734375,92.61247253417969
2023-04-04,72.61167907714844,88.45355987548828,93.07292938232422
2023-04-05,72.70879364013672,88.82495880126953,94.04595184326172
2023-04-06,72.68228912353516,88.85147094726562,94.28923797607422
2023-04-10,72.42636108398438,87.97605895996094,92.76884460449219
2023-04-11,72.41753387451172,87.94068908691406,92.95996856689453
2023-04-12,72.49694061279297,88.1971206665039,92.86438751220703
2023-04-13,72.54107666015625,87.90530395507812,92.13465881347656
2023-04-14,72.37336730957031,87.47201538085938,91.29192352294922
2023-04-17,72.2674560546875,86.91493225097656,90.20594024658203
2023-04-18,72.24984741210938,87.05641174316406,90.52738952636719
2023-04-19,72.18807220458984,86.87071228027344,90.44051361083984
2023-04-20,72.36456298828125,87.37476348876953,91.21371459960938
2023-04-21,72.32041931152344,87.16252899169922,90.70115661621094
2023-04-24,72.39985656738281,87.58699035644531,91.57862091064453
2023-04-25,72.68228912353516,88.45355987548828,92.92522430419922
2023-04-26,72.59403228759766,88.10869598388672,91.93482971191406
2023-04-27,72.45282745361328,87.53390502929688,91.02259826660156
2023-04-28,72.53227233886719,88.18830108642578,92.4908447265625
2023-05-01,72.3739242553711,87.15029907226562,89.82388305664062
2023-05-02,72.61278533935547,88.28489685058594,92.06233215332031
2023-05-03,72.78971099853516,88.86103820800781,92.57620239257812
2023-05-04,72.90472412109375,88.84332275390625,91.66162872314453
2023-05-05,72.727783203125,88.36467742919922,91.35682678222656
2023-05-08,72.61278533935547,87.82396697998047,90.07649993896484
2023-05-09,72.5950927734375,87.71758270263672,89.75422668457031
2023-05-10,72.77200317382812,88.37352752685547,90.62521362304688
2023-05-11,72.81621551513672,88.7015151977539,91.58329772949219
2023-05-12,72.6924057006836,88.16966247558594,90.81683349609375
2023-05-15,72.70124053955078,87.97468566894531,89.87615966796875
2023-05-16,72.61278533935547,87.69099426269531,89.60617065429688
2023-05-17,72.53314208984375,87.40735626220703,89.3448715209961
2023-05-18,72.40044403076172,86.86665344238281,88.68294525146484
2023-05-19,72.34737396240234,86.53871154785156,88.05583953857422
2023-05-22,72.32083892822266,86.37913513183594,87.74227905273438
2023-05-23,72.3119888305664,86.52095794677734,87.9948501586914
2023-05-24,72.2235107421875,86.29935455322266,87.55938720703125
2023-05-25,72.06430053710938,85.75865936279297,87.34162902832031
2023-05-26,72.04658508300781,85.91824340820312,88.04712677001953
2023-05-30,72.18810272216797,86.59185028076172,88.92681884765625
2023-05-31,72.2589111328125,86.91984558105469,89.70195770263672
2023-06-01,72.37155151367188,87.16154479980469,90.05389404296875
2023-06-02,72.1675796508789,86.46849060058594,89.06708526611328
2023-06-05,72.18529510498047,86.44184112548828,88.90118408203125
2023-06-06,72.14981079101562,86.4951400756836,89.4251480102539
2023-06-07,72.09662628173828,85.86432647705078,88.09773254394531
2023-06-08,72.21190643310547,86.44184112548828,89.12821960449219
2023-06-09,72.07888793945312,86.13087463378906,89.00596618652344
2023-06-12,72.14094543457031,86.27301025390625,89.26793670654297
2023-06-13,72.00792694091797,85.65997314453125,88.38590240478516
2023-06-14,71.96358489990234,85.77547454833984,89.09329223632812
2023-06-15,72.11437225341797,86.44184112548828,89.9490966796875
2023-06-16,72.01681518554688,86.06866455078125,89.59979248046875
2023-06-20,72.04339599609375,86.32633972167969,90.21984100341797
2023-06-21,72.04339599609375,86.40628814697266,90.43814849853516
2023-06-22,71.96358489990234,85.91761779785156,89.34651947021484
2023-06-23,72.02570343017578,86.27301025390625,90.23729705810547
2023-06-26,72.07888793945312,86.48624420166016,90.3333511352539
2023-06-27,71.97245788574219,86.18417358398438,90.09756469726562
2023-06-28,72.05228424072266,86.53069305419922,90.4818115234375
2023-06-29,71.87492370605469,85.64218139648438,88.8487548828125
2023-06-30,71.9015121459961,85.82878875732422,89.89671325683594
2023-07-03,71.81794738769531,85.45648193359375,89.38710021972656
2023-07-05,71.8001937866211,85.04676055908203,88.53771209716797
2023-07-06,71.7557373046875,84.35209655761719,87.28550720214844
2023-07-07,71.83573913574219,84.24523162841797,86.7601318359375
2023-07-10,71.94241333007812,84.68163299560547,86.87393188476562
2023-07-11,71.93354797363281,84.85975646972656,87.32051849365234
2023-07-12,72.14690399169922,85.68804931640625,88.29249572753906
2023-07-13,72.35137939453125,86.40055847167969,89.22071838378906
2023-07-14,72.1646957397461,85.97306060791016,88.6953125
2023-07-17,72.19136810302734,86.11556243896484,88.7391128540039
2023-07-18,72.19136810302734,86.21353149414062,89.14191436767578
2023-07-19,72.218017578125,86.50743865966797,90.14891052246094
2023-07-20,72.12911987304688,85.82164764404297,89.0543441772461
2023-07-21,72.13803100585938,85.89290618896484,89.08059692382812
2023-07-24,72.04911804199219,85.68804931640625,88.75662231445312
2023-07-25,72.04023742675781,85.52772521972656,88.5902328491211
2023-07-26,72.11134338378906,85.82164764404297,88.67778778076172
2023-07-27,72.00465393066406,84.886474609375,86.95276641845703
2023-07-28,72.10245513916016,85.16258239746094,87.39933776855469
2023-07-31,72.12023162841797,85.26943969726562,87.60952758789062
2023-08-01,72.05963897705078,84.7712173461914,86.1738510131836
2023-08-02,72.09528350830078,84.60157775878906,85.25188446044922
2023-08-03,72.1220474243164,83.97652435302734,83.28498077392578
2023-08-04,72.26466369628906,84.86942291259766,84.7601318359375
2023-08-07,72.29136657714844,84.66407775878906,83.9260025024414
2023-08-08,72.32704162597656,85.09264373779297,84.90064239501953
2023-08-09,72.282470703125,85.14622497558594,85.33969116210938
2023-08-10,72.24681091308594,84.49441528320312,83.93477630615234
2023-08-11,72.17552185058594,84.0479507446289,83.74158477783203
2023-08-14,72.11310577392578,83.9140625,83.55720520019531
2023-08-15,72.13984680175781,83.75332641601562,83.0479507446289
2023-08-16,72.10420989990234,83.43189239501953,82.39813995361328
2023-08-17,72.18441772460938,83.32472229003906,82.04691314697266
2023-08-18,72.2111587524414,83.5747299194336,82.336669921875
2023-08-21,72.13092803955078,83.05683898925781,81.23909759521484
2023-08-22,72.09528350830078,83.09259033203125,81.86251831054688
2023-08-23,72.22901153564453,83.99439239501953,83.890869140625
2023-08-24,72.18441772460938,83.68189239501953,83.33769989013672
2023-08-25,72.13984680175781,83.6551284790039,83.60987854003906
2023-08-28,72.18441772460938,83.88725280761719,83.69768524169922
2023-08-29,72.34487915039062,84.48548126220703,84.56696319580078
2023-08-30,72.34487915039062,84.47654724121094,84.47917175292969
2023-08-31,72.41618347167969,84.6462173461914,84.85674285888672
2023-09-01,72.37686157226562,84.12882232666016,83.53482818603516
2023-09-05,72.28750610351562,83.61854553222656,82.36345672607422
2023-09-06,72.20706176757812,83.40370178222656,82.56604766845703
2023-09-07,72.34109497070312,83.69013977050781,82.79500579833984
2023-09-08,72.30538177490234,83.70807647705078,83.1120834350586
2023-09-11,72.32323455810547,83.56484985351562,82.5132064819336
2023-09-12,72.28750610351562,83.68120574951172,82.98878479003906
2023-09-13,72.3500747680664,83.77965545654297,82.97114562988281
2023-09-14,72.3321762084961,83.59166717529297,82.37226867675781
2023-09-15,72.29642486572266,83.33206939697266,81.87027740478516
2023-09-18,72.28750610351562,83.41265106201172,82.3370590209961
2023-09-19,72.23388671875,83.10829162597656,81.72935485839844
2023-09-20,72.18919372558594,83.0456314086914,81.98478698730469
2023-09-21,72.22494506835938,82.42797088623047,79.8798828125
2023-09-22,72.29642486572266,82.75021362304688,80.52281188964844
2023-09-25,72.26962280273438,82.14149475097656,78.54120635986328
2023-09-26,72.27855682373047,82.11467742919922,78.2681884765625
2023-09-27,72.22494506835938,81.74759674072266,77.86306762695312
2023-09-28,72.3500747680664,81.97142028808594,78.10089111328125
2023-09-29,72.3589859008789,81.98931121826172,78.10968017578125
2023-10-02,72.2863998413086,81.32426452636719,76.80210876464844
2023-10-03,72.23265838623047,80.6511001586914,75.14997100830078
2023-10-04,72.3939208984375,81.16268157958984,76.21014404296875
2023-10-05,72.46562194824219,81.31527709960938,75.83027648925781
2023-10-06,72.40290832519531,80.83960723876953,74.91140747070312
2023-10-09,72.61792755126953,81.87174224853516,76.6695785522461
2023-10-10,72.57312774658203,81.71019744873047,76.56352996826172
2023-10-11,72.55520629882812,82.15896606445312,78.16267395019531
2023-10-12,72.46562194824219,81.3691635131836,76.04229736328125
2023-10-13,72.51040649414062,81.88970947265625,77.40287780761719
2023-10-16,72.46562194824219,81.4050521850586,76.15714263916016
2023-10-17,72.30431365966797,80.60621643066406,75.31783294677734
2023-10-18,72.30431365966797,80.22928619384766,74.65520477294922
2023-10-19,72.40290832519531,79.83436584472656,73.12674713134766
2023-10-20,72.51936340332031,80.30108642578125,73.54200744628906
2023-10-23,72.56417083740234,80.67803955078125,74.42549133300781
2023-10-24,72.54622650146484,80.82166290283203,75.40617370605469
2023-10-25,72.46562194824219,80.11260986328125,73.7275390625
2023-10-26,72.60897827148438,80.72291564941406,74.85842895507812
2023-10-27,72.65373992919922,80.84857940673828,74.54036712646484
2023-10-30,72.62688446044922,80.5793228149414,74.20464324951172
2023-10-31,72.60000610351562,80.40880584716797,73.84242248535156
2023-11-01,72.76173400878906,81.33490753173828,75.4434585571289
2023-11-02,72.77070617675781,81.83892822265625,77.16334533691406
2023-11-03,72.96837615966797,82.46894836425781,77.6863784790039
2023-11-06,72.83360290527344,81.99192810058594,76.93283081054688
2023-11-07,72.88751983642578,82.45992279052734,78.06758117675781
2023-11-08,72.86954498291016,82.7929458618164,79.39734649658203
2023-11-09,72.76173400878906,81.97392272949219,77.57112121582031
2023-11-10,72.7796859741211,82.06391906738281,78.00556945800781
2023-11-13,72.8066635131836,82.0189208984375,77.82823944091797
2023-11-14,73.09416198730469,83.25196075439453,79.59242248535156
2023-11-15,72.95938873291016,82.60394287109375,78.47538757324219
2023-11-16,73.0851821899414,83.22496032714844,79.45054626464844
2023-11-17,73.0312728881836,83.27896118164062,79.82291412353516
2023-11-20,73.04026794433594,83.3959732055664,80.31050109863281
2023-11-21,73.0851821899414,83.50393676757812,80.2750473022461
2023-11-22,73.09416198730469,83.47698974609375,80.55870819091797
2023-11-24,73.04026794433594,83.04495239257812,79.61013793945312
2023-11-27,73.13011169433594,83.67495727539062,80.93994140625
2023-11-28,73.264892578125,84.04399108886719,81.09949493408203
2023-11-29,73.40864562988281,84.48497772216797,82.1189956665039
2023-11-30,73.36372375488281,84.07099151611328,81.17041778564453
2023-12-01,73.57731628417969,84.86421203613281,82.6991958618164
2023-12-04,73.46917724609375,84.51223754882812,82.3701400756836
2023-12-05,73.5593032836914,85.10786437988281,84.13993835449219
2023-12-06,73.54127502441406,85.45978546142578,85.26049041748047
2023-12-07,73.59538269042969,85.33346557617188,84.7713394165039
2023-12-08,73.43313598632812,84.78297424316406,84.07767486572266
2023-12-11,73.4511489868164,84.79200744628906,83.89979553222656
2023-12-12,73.46015167236328,84.97249603271484,84.14879608154297
2023-12-13,73.82967376708984,86.23588562011719,86.12311553955078
2023-12-14,73.95626068115234,86.95271301269531,88.36344146728516
2023-12-15,73.8748779296875,86.88034057617188,88.46160125732422
2023-12-18,73.86583709716797,86.69022369384766,87.75675201416016
2023-12-19,73.89297485351562,86.85316467285156,88.22962188720703
2023-12-20,73.99237823486328,87.278564453125,88.82738494873047
2023-12-21,74.06474304199219,87.14281463623047,88.26530456542969
2023-12-22,74.09186553955078,87.06132507324219,87.86383819580078
2023-12-26,74.05570220947266,87.11563873291016,88.11363220214844
2023-12-27,74.14610290527344,87.79447174072266,89.67496490478516
2023-12-28,74.13706970214844,87.45960998535156,89.02367401123047
2023-12-29,74.1732406616211,87.24236297607422,88.220703125
2024-01-02,74.08281707763672,86.91654205322266,87.71212768554688
2024-01-03,74.10090637207031,87.12471008300781,88.07794189453125
2024-01-04,74.05570220947266,86.59972381591797,86.73963928222656
2024-01-05,74.03759765625,86.2829818725586,85.90990447998047
2024-01-08,74.10090637207031,86.57258605957031,86.75747680664062
2024-01-09,74.11900329589844,86.53640747070312,86.2043228149414
2024-01-10,74.11900329589844,86.40062713623047,85.8028335571289
2024-01-11,74.29077911376953,86.86222076416016,86.28462219238281
2024-01-12,74.4444580078125,87.09754180908203,86.11510467529297
2024-01-16,74.32693481445312,86.39156341552734,84.5983657836914
2024-01-17,74.18226623535156,86.11096954345703,84.46453857421875
2024-01-18,74.21842193603516,85.9209213256836,83.67940521240234
2024-01-19,74.16419982910156,85.92999267578125,83.94706726074219
2024-01-22,74.20036315917969,86.19245910644531,84.44670104980469
2024-01-23,74.19131469726562,85.9752197265625,83.77754211425781
2024-01-24,74.15514373779297,85.73086547851562,83.2868423461914
2024-01-25,74.29077911376953,86.10193634033203,83.83109283447266
2024-01-26,74.24555969238281,85.94805908203125,83.67045593261719
2024-01-29,74.31787109375,86.4639892578125,84.63404846191406
2024-01-30,74.2726821899414,86.5816421508789,85.40135955810547
2024-01-31,74.40831756591797,87.30573272705078,86.24002075195312
2024-02-01,74.51892852783203,87.84646606445312,87.93170928955078
2024-02-02,74.28317260742188,86.70323944091797,85.9894027709961
2024-02-05,74.13809204101562,85.85945129394531,84.25293731689453
2024-02-06,74.25596618652344,86.3221664428711,85.07642364501953
2024-02-07,74.22879028320312,86.16796112060547,84.66470336914062
2024-02-08,74.21061706542969,85.88667297363281,84.17240905761719
2024-02-09,74.1834487915039,85.73243713378906,84.00233459472656
2024-02-12,74.1925048828125,85.81409454345703,84.10079956054688
2024-02-13,73.95674133300781,84.87046813964844,82.65972900390625
2024-02-14,74.06552124023438,85.18803405761719,83.08039855957031
2024-02-15,74.13809204101562,85.42394256591797,83.51005554199219
2024-02-16,74.04741668701172,85.05194091796875,83.0267105102539
2024-02-20,74.09274291992188,85.19712829589844,83.09832000732422
2024-02-21,74.02925872802734,84.92491149902344,82.507568359375
2024-02-22,74.02020263671875,84.93401336669922,82.91034698486328
2024-02-23,74.05647277832031,85.32414245605469,84.020263671875
2024-02-26,74.0020751953125,85.19712829589844,83.76961517333984
2024-02-27,74.0020751953125,85.0065689086914,83.17887878417969
2024-02-28,74.07461547851562,85.31505584716797,83.70696258544922
2024-02-29,74.11994171142578,85.48744201660156,84.29772186279297
2024-03-01,74.26546478271484,85.87771606445312,84.82295989990234
2024-03-04,74.19271087646484,85.68669128417969,84.48178100585938
2024-03-05,74.24726867675781,86.2143325805664,85.6849365234375
2024-03-06,74.26546478271484,86.42357635498047,86.18775939941406
2024-03-07,74.35639953613281,86.56912994384766,86.10694885253906
2024-03-08,74.3927993774414,86.63279724121094,85.9543228149414
2024-03-11,74.32913208007812,86.52363586425781,85.90941619873047
2024-03-12,74.25637817382812,86.1688461303711,85.19110107421875
2024-03-13,74.22000885009766,85.97779083251953,84.77808380126953
2024-03-14,74.15632629394531,85.34100341796875,83.47614288330078
2024-03-15,74.11084747314453,85.19542694091797,83.44921875
2024-03-18,74.11993408203125,85.09537506103516,83.19780731201172
2024-03-19,74.1836166381836,85.34100341796875,83.4312515258789
2024-03-20,74.30183410644531,85.54112243652344,83.4043197631836
2024-03-21,74.30183410644531,85.55021667480469,83.58390045166016
2024-03-22,74.35639953613281,85.96868896484375,84.38301086425781
2024-03-25,74.32003784179688,85.74127197265625,83.96101379394531
2024-03-26,74.33820343017578,85.86861419677734,84.19446563720703
2024-03-27,74.4200668334961,86.19613647460938,85.02948760986328
2024-03-28,74.37459564208984,86.11424255371094,84.95765686035156
2024-04-01,74.21949768066406,85.33507537841797,83.37394714355469
2024-04-02,74.25598907470703,85.152587890625,82.9145278930664
2024-04-03,74.31071472167969,85.25296020507812,82.89653015136719
2024-04-04,74.38373565673828,85.54493713378906,83.49105834960938
2024-04-05,74.2651138305664,84.97924041748047,82.3289566040039
2024-04-08,74.19210815429688,84.78764343261719,82.3199462890625
2024-04-09,74.2651138305664,85.1252212524414,83.08570098876953
2024-04-10,73.96400451660156,83.99386596679688,81.27497100830078
2024-04-11,74.05523681640625,83.8752670288086,80.90563201904297
2024-04-12,74.10086059570312,84.2219467163086,81.33802032470703
2024-04-15,74.0734634399414,83.68368530273438,80.07684326171875
2024-04-16,74.02786254882812,83.35520935058594,79.54533386230469
2024-04-17,74.08259582519531,83.88438415527344,80.42816162109375
2024-04-18,74.04610443115234,83.59245300292969,80.02277374267578
2024-04-19,74.06436157226562,83.7019271850586,80.31108093261719
2024-04-22,74.10086059570312,83.71102142333984,80.17593383789062
2024-04-23,74.16473388671875,83.8205337524414,80.20294189453125
2024-04-24,74.13736724853516,83.5650405883789,79.63542175292969
2024-04-25,74.08259582519531,83.24569702148438,79.0768814086914
2024-04-26,74.10086059570312,83.47382354736328,79.49127960205078
2024-04-29,74.13736724853516,83.81138610839844,80.15792846679688
2024-04-30,74.04610443115234,83.41908264160156,79.4732666015625
2024-05-01,74.19442749023438,83.74942779541016,80.05906677246094
2024-05-02,74.30426025390625,84.14290618896484,80.402587890625
2024-05-03,74.42325592041016,84.6095962524414,81.2162094116211
2024-05-06,74.41409301757812,84.68282318115234,81.53260803222656
2024-05-07,74.42325592041016,84.90242767333984,82.02980041503906
2024-05-08,74.40494537353516,84.6645278930664,81.53260803222656
2024-05-09,74.4690170288086,84.92074584960938,81.93036651611328
2024-05-10,74.40494537353516,84.6462173461914,81.46932220458984
2024-05-13,74.42325592041016,84.7468490600586,81.67720794677734
2024-05-14,74.49649810791016,84.99395751953125,82.13829040527344
2024-05-15,74.63379669189453,85.63451385498047,83.2592544555664
2024-05-16,74.57887268066406,85.46977996826172,83.17790985107422
2024-05-17,74.53311157226562,85.20442199707031,82.61740112304688
2024-05-20,74.51478576660156,85.0763168334961,82.37332916259766
2024-05-21,74.55142211914062,85.29595184326172,82.79821014404297
2024-05-22,74.49649810791016,85.18611907958984,82.89765167236328
2024-05-23,74.45987701416016,84.8841323852539,82.36428833007812
2024-05-24,74.48735809326172,84.99395751953125,82.60836029052734
2024-05-28,74.42325592041016,84.51809692382812,81.42411804199219
2024-05-29,74.39579010009766,84.1063003540039,80.43875885009766
2024-05-30,74.47818756103516,84.52725219726562,81.2162094116211
2024-05-31,74.57887268066406,84.92074584960938,81.76765441894531
2024-06-03,74.66336822509766,85.47693634033203,83.0901870727539
2024-06-04,74.73682403564453,85.9450454711914,84.060791015625
2024-06-05,74.8103256225586,86.25709533691406,84.67760467529297
2024-06-06,74.81949615478516,86.22039031982422,84.55059814453125
2024-06-07,74.62664031982422,85.31175231933594,82.99948120117188
2024-06-10,74.63581085205078,85.12816619873047,82.44615173339844
2024-06-11,74.71846771240234,85.57789611816406,83.29882049560547
2024-06-12,74.81949615478516,86.05517578125,83.9247055053711
2024-06-13,74.93887329101562,86.62423706054688,85.15838623046875
2024-06-14,74.94805145263672,86.82613372802734,85.87498474121094
2024-06-17,74.87459564208984,86.42232513427734,85.02230834960938
2024-06-18,74.97561645507812,86.79861450195312,85.80240631103516
2024-06-20,74.94805145263672,86.57832336425781,85.23094177246094
2024-06-21,74.97561645507812,86.59668731689453,85.23094177246094
2024-06-24,74.98479461669922,86.67012023925781,85.57563018798828
2024-06-25,74.9939956665039,86.7435531616211,85.72076416015625
2024-06-26,74.92052459716797,86.22039031982422,84.49617767333984
2024-06-27,74.97561645507812,86.41315460205078,84.83180236816406
2024-06-28,74.98479461669922,85.95420837402344,83.25344848632812
2024-07-01,74.92030334472656,85.31438446044922,81.81659698486328
2024-07-02,74.98477935791016,85.63658905029297,82.4535903930664
2024-07-03,75.0953598022461,86.2073974609375,83.53649139404297
2024-07-05,75.23358917236328,86.68611907958984,84.22806549072266
2024-07-08,75.224365234375,86.71373748779297,84.4100570678711
2024-07-09,75.2059555053711,86.59404754638672,84.03695678710938
2024-07-10,75.23358917236328,86.67691802978516,84.30084991455078
2024-07-11,75.40863800048828,87.22929382324219,85.11983489990234
2024-07-12,75.51921844482422,87.41338348388672,85.48384857177734
2024-07-15,75.51921844482422,87.13720703125,84.50104522705078
2024-07-16,75.54685974121094,87.52388000488281,85.69314575195312
2024-07-17,75.55607604980469,87.5975341796875,85.71134185791016
2024-07-18,75.51921844482422,87.34895324707031,85.05612182617188
2024-07-19,75.48236083984375,87.07278442382812,84.5556411743164
2024-07-22,75.49159240722656,86.98992919921875,84.3099594116211
2024-07-23,75.5284423828125,87.05435943603516,84.19164276123047
2024-07-24,75.5653076171875,86.86103057861328,83.28166198730469
2024-07-25,75.57451629638672,87.05435943603516,83.96416473388672
2024-07-26,75.67588806152344,87.46865844726562,84.6193618774414
2024-07-29,75.68509674072266,87.61593627929688,85.0743408203125
2024-07-30,75.71271514892578,87.80005645751953,85.40193939208984
2024-07-31,75.86936950683594,88.4444808959961,86.2755126953125
2024-08-01,76.00064086914062,88.82218170166016,87.01964569091797
2024-08-02,76.42587280273438,90.19803619384766,89.73129272460938
2024-08-05,76.40741729736328,90.2903823852539,90.2060546875
2024-08-06,76.31495666503906,89.48704528808594,88.18830871582031
2024-08-07,76.26873016357422,89.16382598876953,87.56744384765625
2024-08-08,76.23175048828125,88.89605712890625,87.02877044677734
2024-08-09,76.25025177001953,89.25618743896484,87.88700103759766
2024-08-12,76.29647827148438,89.50550842285156,88.20655822753906
2024-08-13,76.41664123535156,89.9025650024414,88.8182601928711
2024-08-14,76.40741729736328,90.02261352539062,89.37521362304688
2024-08-15,76.22250366210938,89.45933532714844,88.65393829345703
2024-08-16,76.30570220947266,89.63477325439453,88.96435546875
2024-08-19,76.28723907470703,89.75479125976562,89.37521362304688
2024-08-20,76.39814758300781,90.11492919921875,90.08735656738281
2024-08-21,76.48136138916016,90.29961395263672,90.14212799072266
2024-08-22,76.37968444824219,89.88407897949219,89.24739074707031
2024-08-23,76.55531311035156,90.29961395263672,89.83174133300781
2024-08-26,76.51834106445312,90.18880462646484,89.60346221923828
2024-08-27,76.56455993652344,90.15188598632812,89.44823455810547
2024-08-28,76.55531311035156,90.10570526123047,89.33869171142578
2024-08-29,76.54607391357422,89.94873046875,89.04651641845703
2024-08-30,76.54607391357422,89.63477325439453,88.09698486328125
2024-09-03,76.62773132324219,90.22565460205078,89.537841796875
2024-09-04,76.794677734375,90.75355529785156,90.69198608398438
2024-09-05,76.82252502441406,90.96656799316406,91.20494079589844
2024-09-06,76.96167755126953,91.09624481201172,91.19578552246094
2024-09-09,76.97096252441406,91.22592163085938,91.58963775634766
2024-09-10,77.08226776123047,91.61488342285156,92.2308349609375
2024-09-11,77.0173568725586,91.55004119873047,92.15755462646484
2024-09-12,77.026611328125,91.4018783569336,91.72703552246094
2024-09-13,77.137939453125,91.57783508300781,91.974365234375
2024-09-16,77.184326171875,91.8186264038086,92.81706237792969
2024-09-17,77.12865447998047,91.65193939208984,92.36820983886719
2024-09-18,77.1008529663086,91.25369262695312,91.22325897216797
2024-09-19,77.16580200195312,91.1795883178711,90.92098999023438
2024-09-20,77.19361877441406,91.15180206298828,90.5728988647461
2024-09-23,77.19361877441406,91.09624481201172,90.38053894042969
2024-09-24,77.267822265625,91.19811248779297,90.36222076416016
2024-09-25,77.20288848876953,90.82765197753906,89.61111450195312
2024-09-26,77.12865447998047,90.7628173828125,89.82179260253906
2024-09-27,77.249267578125,91.12403869628906,90.28895568847656
2024-09-30,77.137939453125,90.87394714355469,89.85844421386719
2024-10-01,77.18727111816406,91.20462799072266,90.50720977783203
2024-10-02,77.1686782836914,90.9445571899414,89.7444839477539
2024-10-03,77.06626892089844,90.48014068603516,88.89906311035156
2024-10-04,76.80567169189453,89.60699462890625,87.80549621582031
2024-10-07,76.70328521728516,89.28189849853516,87.14385986328125
2024-10-08,76.76844787597656,89.356201171875,87.29087829589844
2024-10-09,76.69396209716797,89.02182006835938,86.7946548461914
2024-10-10,76.75914001464844,89.01254272460938,86.45465850830078
2024-10-11,76.82426452636719,89.04039764404297,86.10543823242188
2024-10-14,76.78704071044922,88.88250732421875,86.16976928710938
2024-10-15,76.82426452636719,89.33763122558594,87.21737670898438
2024-10-16,76.87080383300781,89.47697448730469,87.5849380493164
2024-10-17,76.80567169189453,89.01254272460938,86.19733428955078
2024-10-18,76.87080383300781,89.11470794677734,86.26167297363281
2024-10-21,76.75914001464844,88.42735290527344,84.75460815429688
2024-10-22,76.74982452392578,88.34375762939453,84.83731842041016
2024-10-23,76.70328521728516,88.13939666748047,84.60757446289062
2024-10-24,76.7405014038086,88.33447265625,85.1497573852539
2024-10-25,76.71258544921875,88.13939666748047,84.67188262939453
2024-10-28,76.67536926269531,87.93506622314453,84.44214630126953
2024-10-29,76.70328521728516,87.97220611572266,84.57080078125
2024-10-30,76.63812255859375,87.8421630859375,84.81892395019531
2024-10-31,76.65675354003906,87.79572296142578,84.95674896240234
2024-11-01,76.63151550292969,87.27581024169922,83.759033203125
2024-11-04,76.68759155273438,87.74168395996094,85.05912017822266
2024-11-05,76.66887664794922,87.78826904296875,85.51092529296875
2024-11-06,76.57547760009766,86.88450622558594,83.16890716552734
2024-11-07,76.70625305175781,87.5832748413086,84.2108383178711
2024-11-08,76.65020751953125,87.76963806152344,85.28041076660156
2024-11-11,76.59416961669922,87.52738952636719,84.86549377441406
2024-11-12,76.51944732666016,86.97765350341797,83.59304809570312
2024-11-13,76.63151550292969,86.92176055908203,82.80006408691406
2024-11-14,76.51944732666016,86.91243743896484,83.27952575683594
2024-11-15,76.60350036621094,86.94973754882812,83.05825805664062
2024-11-18,76.65953063964844,87.14537811279297,83.2057876586914
2024-11-19,76.65953063964844,87.33171081542969,83.62994384765625
2024-11-20,76.6221923828125,87.2012710571289,83.36253356933594
2024-11-21,76.60350036621094,87.15470123291016,83.2979965209961
2024-11-22,76.59416961669922,87.21060180664062,83.34410095214844
2024-11-25,76.74360656738281,88.15164947509766,85.50167846679688
2024-11-26,76.74360656738281,87.96530151367188,85.16975402832031
2024-11-27,76.79029083251953,88.31937408447266,85.75988006591797
2024-11-29,76.8836898803711,88.69207000732422,86.64503479003906
2024-12-02,76.87899017333984,88.68457794189453,86.85321044921875
2024-12-03,76.88836669921875,88.43224334716797,86.103759765625
2024-12-04,76.97270965576172,88.76870727539062,87.02900695800781
2024-12-05,76.97270965576172,88.75936126708984,87.20481872558594
2024-12-06,77.04766845703125,89.03971862792969,87.33434295654297
2024-12-09,77.01953887939453,88.7313232421875,86.52938079833984
2024-12-10,77.01018524169922,88.57244110107422,86.12225341796875
2024-12-11,76.99147033691406,88.31074523925781,85.30805206298828
2024-12-12,76.95396423339844,87.97428131103516,84.27176666259766
2024-12-13,76.91649627685547,87.56305694580078,83.41130065917969
2024-12-16,76.92585754394531,87.59109497070312,83.6611099243164
2024-12-17,76.93524169921875,87.59109497070312,83.86465454101562
2024-12-18,76.79419708251953,86.91409301757812,82.81597900390625
2024-12-19,76.87879943847656,86.52024841308594,81.56204223632812
2024-12-20,76.88821411132812,86.83907318115234,82.02647399902344
2024-12-23,76.84122467041016,86.4546127319336,81.27411651611328
2024-12-24,76.87879943847656,86.50151062011719,81.6177978515625
2024-12-26,76.89761352539062,86.567138671875,81.57133483886719
2024-12-27,76.91642761230469,86.34211730957031,80.90258026123047
2024-12-30,77.02925109863281,86.84844970703125,81.5527572631836
2024-12-31,77.07626342773438,86.68904113769531,81.1162109375
2025-01-02,77.05744934082031,86.73592376708984,81.33912658691406
2025-01-03,77.05744934082031,86.59526062011719,81.07904815673828
2025-01-06,77.07626342773438,86.51089477539062,80.71678924560547
2025-01-07,77.02925109863281,86.11705017089844,79.80653381347656
2025-01-08,77.07626342773438,86.26708984375,79.90869903564453
2025-01-10,76.93523406982422,85.63883972167969,79.3792724609375
2025-01-13,76.95401763916016,85.48880004882812,79.35138702392578
2025-01-14,76.97284698486328,85.51692962646484,79.22135925292969
2025-01-15,77.14207458496094,86.41710662841797,80.58675384521484
2025-01-16,77.18907165527344,86.62340545654297,80.84683227539062
2025-01-17,77.1702651977539,86.68904113769531,80.98617553710938
2025-01-21,77.19849395751953,86.97972869873047,81.71066284179688
2025-01-22,77.17967224121094,86.75468444824219,81.28339385986328
2025-01-23,77.17967224121094,86.52963256835938,80.65176391601562
2025-01-24,77.2266616821289,86.70779418945312,81.01402282714844
2025-01-27,77.33950805664062,87.27042388916016,81.97073364257812
2025-01-28,77.3582992553711,87.2798080444336,81.91502380371094
2025-01-29,77.31130981445312,87.1766357421875,81.74781799316406
2025-01-30,77.3582992553711,87.36416625976562,82.05435180664062
2025-01-31,77.36770629882812,87.22351837158203,81.5156021118164
2025-02-03,77.31395721435547,87.28560638427734,82.17930603027344
2025-02-04,77.38941192626953,87.50196075439453,82.43098449707031
2025-02-05,77.43656921386719,88.00993347167969,83.79193878173828
2025-02-06,77.40825653076172,87.90643310546875,83.75466918945312
2025-02-07,77.32337951660156,87.61486053466797,83.21399688720703
2025-02-10,77.36112976074219,87.59602355957031,82.96231842041016
2025-02-11,77.34225463867188,87.37025451660156,82.43098449707031
2025-02-12,77.23847198486328,86.76823425292969,81.31241607666016
2025-02-13,77.34225463867188,87.41731262207031,82.66403198242188
2025-02-14,77.44599914550781,87.78416442871094,83.1021499633789
2025-02-18,77.3799819946289,87.31382751464844,82.12337493896484
2025-02-19,77.43656921386719,87.45492553710938,82.22592163085938
2025-02-20,77.44599914550781,87.63365936279297,82.53353118896484
2025-02-21,77.57807159423828,88.15103912353516,83.53094482421875
2025-02-24,77.6346664428711,88.33915710449219,83.77330780029297
2025-02-25,77.73844909667969,89.03527069091797,85.21815490722656
2025-02-26,77.7667465209961,89.27985382080078,85.72149658203125
2025-02-27,77.79503631591797,89.17637634277344,85.11561584472656
2025-02-28,77.9365463256836,89.66552734375,86.15963745117188
2025-03-03,77.98667907714844,89.99101257324219,86.56170654296875
2025-03-04,77.99613952636719,89.7079849243164,85.49571990966797
2025-03-05,77.91097259521484,89.20796203613281,84.8131103515625
2025-03-06,77.95830535888672,89.16082000732422,84.53258514404297
2025-03-07,77.94882202148438,89.04759979248047,84.26139831542969
2025-03-10,78.09075927734375,89.67024230957031,85.14038848876953
2025-03-11,78.04344940185547,89.3494873046875,84.53258514404297
2025-03-12,77.98667907714844,89.08533477783203,84.0276107788086
2025-03-13,78.04344940185547,89.44383239746094,84.7663345336914
2025-03-14,77.98667907714844,89.13251495361328,84.31748962402344
2025-03-17,77.95830535888672,89.20796203613281,84.73829650878906
2025-03-18,77.95830535888672,89.31175231933594,84.82244110107422
2025-03-19,78.07184600830078,89.58533477783203,85.26195526123047
2025-03-20,78.09075927734375,89.71742248535156,85.31803894042969
2025-03-21,78.13806915283203,89.64192962646484,84.8131103515625
2025-03-24,78.03398895263672,89.1230697631836,83.9434585571289
2025-03-25,78.0623550415039,89.27400207519531,83.93412780761719
2025-03-26,78.04344940185547,89.06649017333984,83.38239288330078
2025-03-27,78.08129119873047,88.99099731445312,83.13928985595703
2025-03-28,78.22322845458984,89.7079849243164,84.2894515991211
2025-03-31,78.28001403808594,89.97212982177734,85.1216812133789
2025-04-01,78.3084945678711,90.28822326660156,85.85929870605469
2025-04-02,78.25151824951172,90.20304870605469,85.80300903320312
2025-04-03,78.54585266113281,91.13056182861328,86.19715881347656
2025-04-04,78.49836730957031,91.38607788085938,87.1355972290039
2025-04-07,78.50786590576172,90.2977066040039,84.50794219970703
2025-04-08,78.46039581298828,89.84342956542969,82.91255950927734
2025-04-09,78.41291809082031,89.55948638916016,83.40055847167969
2025-04-10,78.40342712402344,89.0011215209961,81.10132598876953
2025-04-11,78.26103210449219,88.49950408935547,81.54241943359375
2025-04-14,78.43191528320312,89.2093276977539,82.12425231933594
2025-04-15,78.43191528320312,89.47431945800781,82.41517639160156
2025-04-16,78.53636169433594,89.86235046386719,82.8750228881836
2025-04-17,78.56482696533203,89.60682678222656,82.14301300048828
2025-04-21,78.5173568725586,89.12413024902344,80.70718383789062
2025-04-22,78.54585266113281,89.19039916992188,81.15764617919922
2025-04-23,78.48887634277344,89.28504180908203,81.94593811035156
2025-04-24,78.58381652832031,89.76769256591797,82.809326171875
2025-04-25,78.65027618408203,90.10842895507812,83.41931915283203
2025-04-28,78.76419830322266,90.46803283691406,83.94486236572266
2025-04-29,78.81167602539062,90.78035736083984,84.64868927001953
2025-04-30,78.91610717773438,90.92234802246094,83.96363067626953
2025-05-01,78.75325012207031,90.5263900756836,83.53787994384766
2025-05-02,78.60086822509766,89.918701171875,82.63365173339844
2025-05-05,78.59135437011719,89.75727081298828,82.1720962524414
2025-05-06,78.65802001953125,89.98516082763672,82.44525909423828
2025-05-07,78.68659973144531,90.22254943847656,82.79377746582031
2025-05-08,78.52467346191406,89.51991271972656,81.87069702148438
2025-05-09,78.56278228759766,89.58638000488281,81.99315643310547
2025-05-12,78.419921875,89.01666259765625,81.2302017211914
2025-05-13,78.40088653564453,88.9501953125,80.90054321289062
2025-05-14,78.34373474121094,88.61786651611328,80.36366271972656
2025-05-15,78.49610900878906,89.19708251953125,81.07008361816406
2025-05-16,78.4770736694336,89.22554779052734,81.2867202758789
2025-05-19,78.50564575195312,89.17808532714844,81.0512466430664
2025-05-20,78.5151596069336,89.06415557861328,80.4672622680664
2025-05-21,78.46755981445312,88.44694519042969,79.0920639038086
2025-05-22,78.5151596069336,88.779296875,79.50651550292969
2025-05-23,78.56278228759766,89.03564453125,79.63837432861328
2025-05-27,78.59135437011719,89.40597534179688,80.74983978271484
2025-05-28,78.5342025756836,89.15909576416016,80.40133666992188
2025-05-29,78.61992645263672,89.52940368652344,81.14543914794922
2025-05-30,78.71517181396484,89.7952651977539,81.26787567138672
2025-06-02,78.6501693725586,89.49043273925781,80.51155090332031
2025-06-03,78.63106536865234,89.40469360351562,80.36973571777344
2025-06-04,78.77440643310547,90.06200408935547,81.67442321777344
2025-06-05,78.68840026855469,89.7952651977539,81.73112487792969
2025-06-06,78.55462646484375,89.08079528808594,80.691162109375
2025-06-09,78.61196899414062,89.24274444580078,80.7762680053711
2025-06-10,78.61196899414062,89.39514923095703,81.1922378540039
2025-06-11,78.73619079589844,89.7667007446289,81.43805694580078
2025-06-12,78.8030776977539,90.15727233886719,82.41182708740234
2025-06-13,78.74574279785156,89.8238525390625,81.61769104003906
2025-06-16,78.73619079589844,89.56663513183594,80.7951889038086
2025-06-17,78.77440643310547,90.00484466552734,81.77842712402344
2025-06-18,78.81263732910156,90.06200408935547,81.92021179199219
2025-06-20,78.86996459960938,90.11917877197266,81.76895904541016
2025-06-23,78.97508239746094,90.43353271484375,82.03366088867188
2025-06-24,79.04196166992188,90.74790954589844,82.62928009033203
2025-06-25,79.05152893066406,90.78601837158203,82.7332763671875
2025-06-26,79.14707946777344,91.10989379882812,83.14926147460938
2025-06-27,79.11840057373047,90.87174987792969,82.61981964111328
2025-06-30,79.17572784423828,91.2337417602539,83.43287658691406
2025-07-01,79.09330749511719,91.06459045410156,83.6397476196289
2025-07-02,79.08370208740234,90.87345886230469,83.10836029052734
2025-07-03,78.99745178222656,90.55809020996094,82.52948760986328
2025-07-07,78.978271484375,90.27140808105469,81.74186706542969
2025-07-08,78.98786163330078,90.13761901855469,81.63748168945312
2025-07-09,79.0549545288086,90.60588073730469,82.49153900146484
2025-07-10,79.0549545288086,90.55809020996094,82.5484619140625
2025-07-11,79.03577423095703,90.13761901855469,81.40972900390625
2025-07-14,79.04536437988281,90.09937286376953,81.23892974853516
2025-07-15,78.96867370605469,89.74578094482422,80.66954803466797
2025-07-16,79.0741195678711,89.9942626953125,80.78343963623047
2025-07-17,79.04536437988281,89.9655990600586,80.76445007324219
2025-07-18,79.11246490478516,90.21405792236328,80.8878173828125
2025-07-21,79.16040802001953,90.52943420410156,81.60901641845703
2025-07-22,79.21791076660156,90.7874526977539,82.10244750976562
2025-07-23,79.15081024169922,90.46253967285156,81.64697265625
2025-07-24,79.08370208740234,90.32875061035156,81.50462341308594
2025-07-25,79.13163757324219,90.53899383544922,82.0170669555664
2025-07-28,79.1220474243164,90.33831024169922,81.48565673828125
2025-07-29,79.18914794921875,90.9308090209961,82.86163330078125
2025-07-30,79.10287475585938,90.61544036865234,82.43460845947266
2025-07-31,79.10287475585938,90.69187927246094,82.4820327758789
2025-08-01,79.49720001220703,91.73599243164062,83.6546401977539
2025-08-04,79.51643371582031,91.86064910888672,83.88326263427734
2025-08-05,79.4875717163086,91.79353332519531,84.14045715332031
2025-08-06,79.51643371582031,91.72640228271484,83.6546401977539
2025-08-07,79.47795867919922,91.6593017578125,83.51176452636719
2025-08-08,79.45872497558594,91.4483642578125,83.14978790283203
2025-08-11,79.45872497558594,91.47712707519531,83.24504852294922
2025-08-12,79.51643371582031,91.45795440673828,82.82592010498047
2025-08-13,79.6222152709961,91.783935546875,83.51176452636719
2025-08-14,79.53565216064453,91.4867172241211,82.89258575439453
2025-08-15,79.50680541992188,91.30455780029297,82.302001953125
2025-08-18,79.50680541992188,91.21825408935547,82.06385040283203
2025-08-19,79.5452880859375,91.4483642578125,82.5401611328125
2025-08-20,79.57414245605469,91.58258056640625,82.72113037109375
2025-08-21,79.50680541992188,91.31414031982422,82.31151580810547
2025-08-22,79.67992401123047,91.82228088378906,82.92118835449219
2025-08-25,79.6414566040039,91.64012908935547,82.68303680419922
2025-08-26,79.70877838134766,91.87981414794922,82.6353988647461
2025-08-27,79.76649475097656,92.05239868164062,82.5401611328125
2025-08-28,79.73763275146484,92.26332092285156,83.0831069946289
2025-08-29,79.80493927001953,92.18663024902344,82.49251556396484
2025-09-02,79.7644271850586,91.9115219116211,81.87864685058594
2025-09-03,79.82230377197266,92.22895050048828,82.77745056152344
2025-09-04,79.88021087646484,92.64258575439453,83.40855407714844
2025-09-05,79.99596405029297,93.09468078613281,84.68028259277344
2025-09-08,80.0442123413086,93.38325500488281,85.80857849121094
2025-09-09,79.97667694091797,93.16200256347656,85.32093048095703
2025-09-10,79.98632049560547,93.41210174560547,85.80857849121094
2025-09-11,80.0152587890625,93.55641174316406,86.38229370117188
2025-09-12,80.00559997558594,93.28707885742188,86.00939178466797
2025-09-15,80.03455352783203,93.44096374511719,86.21018981933594
2025-09-16,80.07313537597656,93.4986801147461,86.39185333251953
2025-09-17,80.03455352783203,93.29666900634766,86.17195129394531
2025-09-18,80.00559997558594,92.9888687133789,85.28267669677734
2025-09-19,80.03455352783203,92.95040130615234,85.12012481689453
2025-09-22,79.99596405029297,92.79647827148438,84.81414794921875
2025-09-23,80.02490997314453,93.05620574951172,85.40699768066406
2025-09-24,79.98632049560547,92.80609130859375,85.08189392089844
2025-09-25,79.91877746582031,92.6041030883789,85.08189392089844
2025-09-26,79.96702575683594,92.5560073852539,85.00537872314453
2025-09-29,79.99596405029297,92.82533264160156,85.70340728759766
2025-09-30,80.03455352783203,92.78685760498047,85.45479583740234
2025-10-01,80.1274642944336,93.09947967529297,85.67549896240234
2025-10-02,80.14681243896484,93.19596862792969,85.92498016357422
2025-10-03,80.11778259277344,93.01264953613281,85.76184844970703
2025-10-06,80.09842681884766,92.74250030517578,85.08058166503906
2025-10-07,80.13714599609375,92.97404479980469,85.56995391845703
2025-10-08,80.1274642944336,92.99335479736328,85.6371078491211
2025-10-09,80.11778259277344,92.9258041381836,85.56995391845703
2025-10-10,80.25325775146484,93.50472259521484,86.95165252685547
2025-10-13,80.40809631347656,93.55296325683594,86.90367889404297
2025-10-14,80.35003662109375,93.79418182373047,87.18193054199219
2025-10-15,80.31130981445312,93.68803405761719,86.99003601074219
2025-10-16,80.41777801513672,94.12223815917969,87.64250946044922
2025-10-17,80.40809631347656,93.96785736083984,87.50817108154297
2025-10-20,80.41777801513672,94.0932846069336,87.843994140625
2025-10-21,80.43712615966797,94.26695251464844,88.27578735351562
2025-10-22,80.43712615966797,94.28626251220703,88.33335876464844
2025-10-23,80.37906646728516,93.97750854492188,87.7288589477539
2025-10-24,80.42744445800781,94.06434631347656,87.76725006103516
2025-10-27,80.40809631347656,94.06434631347656,88.06468963623047
2025-10-28,80.41777801513672,94.15118408203125,88.29496765136719
2025-10-29,80.262939453125,93.54331970214844,87.40261840820312
2025-10-30,80.27261352539062,93.4082260131836,86.89408111572266
2025-10-31,80.30165100097656,93.44682312011719,86.635009765625
2025-11-03,80.3045654296875,93.40231323242188,86.41831970214844
2025-11-04,80.33367919921875,93.51846313476562,86.6109390258789
2025-11-05,80.27542877197266,93.0732192993164,85.66720581054688
2025-11-06,80.37252044677734,93.54749298095703,86.43760681152344
2025-11-07,80.41134643554688,93.5862045288086,86.25462341308594
2025-11-10,80.39193725585938,93.46038055419922,86.23536682128906
2025-11-11,80.45989990234375,93.75074768066406,86.63020324707031
2025-11-12,80.43074798583984,93.77011108398438,86.7842788696289
2025-11-13,80.3822250366211,93.49909973144531,86.0716552734375
2025-11-14,80.41134643554688,93.34423828125,85.58053588867188
2025-11-17,80.4016342163086,93.45071411132812,85.79238891601562
2025-11-18,80.4501724243164,93.6055679321289,85.76349639892578
2025-11-19,80.44046783447266,93.53780364990234,85.59017181396484
2025-11-20,80.5084228515625,93.76043701171875,85.92721557617188
2025-11-21,80.60549926757812,94.07015228271484,86.1872329711914
2025-11-24,80.6152114868164,94.21533966064453,86.6783447265625
2025-11-25,80.66374969482422,94.45731353759766,86.89983367919922
2025-11-26,80.654052734375,94.53474426269531,87.28501892089844
2025-11-28,80.654052734375,94.37020111083984,86.87093353271484
2025-12-01,80.58491516113281,93.86346435546875,85.78951263427734
2025-12-02,80.63359832763672,93.94112396240234,85.82816314697266
2025-12-03,80.6822738647461,94.1352767944336,86.06976318359375
2025-12-04,80.62386322021484,93.84405517578125,85.60588073730469
2025-12-05,80.59465026855469,93.64989471435547,85.20964813232422
2025-12-08,80.5751724243164,93.45574188232422,84.92937469482422
2025-12-09,80.5362319946289,93.31983184814453,85.01637268066406
2025-12-10,80.67253875732422,93.62078857421875,85.34495544433594
2025-12-11,80.6822738647461,93.63048553466797,85.22898864746094
2025-12-12,80.6920166015625,93.3780746459961,84.40751647949219
2025-12-15,80.74070739746094,93.45574188232422,84.46551513671875
2025-12-16,80.7796630859375,93.71785736083984,84.92937469482422
2025-12-17,80.78939056396484,93.69843292236328,84.85206604003906
2025-12-18,80.84781646728516,93.94112396240234,85.25798797607422
2025-12-19,80.83316802978516,93.72977447509766,84.93976593017578
2025-12-22,80.79411315917969,93.63239288330078,84.75541687011719
2025-12-23,80.75503540039062,93.59342193603516,84.8912353515625
2025-12-24,80.80387115478516,93.8369140625,85.40544128417969
2025-12-26,80.86246490478516,93.92457580566406,85.12408447265625
2025-12-29,80.90154266357422,94.0609130859375,85.44424438476562
2025-12-30,80.92105865478516,93.96353149414062,85.24052429199219
2025-12-31,80.89176177978516,93.65187072753906,84.56138610839844
2026-01-02,80.93082427978516,93.57396697998047,84.43525695800781
2026-01-05,80.96014404296875,93.85639953613281,84.8524398803711
2026-01-06,80.96991729736328,93.78822326660156,84.67780303955078
2026-01-07,80.96014404296875,93.96353149414062,85.17259979248047
2026-01-08,80.93082427978516,93.68109130859375,84.74571990966797
2026-01-09,80.90154266357422,93.78822326660156,85.30842590332031
2026-01-12,80.90154266357422,93.67134857177734,85.05616760253906
2026-01-13,80.92105865478516,93.78822326660156,85.20170593261719
2026-01-14,80.94060516357422,93.98300170898438,85.69650268554688
2026-01-15,80.88200378417969,93.78822326660156,85.6771011352539
2026-01-16,80.86246490478516,93.42788696289062,85.18230438232422
2026-01-20,80.87223815917969,93.05780029296875,84.06659698486328
2026-01-21,80.91129302978516,93.30126953125,84.70691680908203
2026-01-22,80.88200378417969,93.2915267944336,85.0755844116211
2026-01-23,80.91129302978516,93.44733428955078,85.30842590332031
2026-01-26,80.94060516357422,93.58368682861328,85.71590423583984
2026-01-27,80.96014404296875,93.47657012939453,85.18230438232422
2026-01-28,80.96014404296875,93.39865112304688,84.98827362060547
2026-01-29,80.98944091796875,93.49604034423828,85.0076675415039
2026-01-30,81.05780792236328,93.43760681152344,84.53227996826172
2026-02-02,81.01861572265625,93.25391387939453,84.2907485961914
2026-02-03,81.00882720947266,93.34185028076172,84.49526977539062
2026-02-04,81.04801940917969,93.32231903076172,84.28101348876953
2026-02-05,81.17536163330078,93.86949157714844,85.19647216796875
2026-02-06,81.17536163330078,93.86949157714844,85.25489807128906
2026-02-09,81.19497680664062,93.88902282714844,85.23543548583984
2026-02-10,81.24394226074219,94.29940795898438,86.21907043457031
2026-02-11,81.16556549072266,94.03559112548828,85.7613296508789
2026-02-12,81.24394226074219,94.61207580566406,86.90080261230469
2026-02-13,81.37130737304688,94.9833755493164,87.37801361083984
2026-02-17,81.34191131591797,94.97359466552734,87.52408599853516
2026-02-18,81.29293823242188,94.77819061279297,87.1929702758789
2026-02-19,81.29293823242188,94.86611938476562,87.28062438964844
2026-02-20,81.30272674560547,94.86611938476562,87.07610321044922
2026-02-23,81.37130737304688,95.20811462402344,87.3974838256836
2026-02-24,81.37130737304688,95.18856048583984,87.55330657958984
2026-02-25,81.35169982910156,95.11039733886719,87.56305694580078
2026-02-26,81.381103515625,95.36444854736328,87.91363525390625
2026-02-27,81.4888687133789,95.74551391601562,88.44928741455078
2026-03-02,81.34446716308594,95.1702880859375,87.56108093261719
2026-03-03,81.33464813232422,95.0625,87.38519287109375
2026-03-04,81.2855224609375,94.86650848388672,87.11160278320312
2026-03-05,81.22659301757812,94.57254028320312,86.75983428955078
2026-03-06,81.2658920288086,94.51374053955078,86.4373779296875
2026-03-09,81.30517578125,94.8077163696289,87.18976593017578
2026-03-10,81.25607299804688,94.50394439697266,86.26148986816406
2026-03-11,81.17747497558594,94.0727767944336,85.14755249023438
2026-03-12,81.03994750976562,93.76900482177734,84.98143768310547
2026-03-13,81.08907318115234,93.6709976196289,84.561279296875
2026-03-16,81.18730926513672,94.09237670898438,85.21595764160156
2026-03-17,81.19713592529297,94.25896453857422,85.45045471191406
2026-03-18,81.0497817993164,93.82778930664062,84.97166442871094
2026-03-19,81.0301284790039,93.81798553466797,85.48954010009766
2026-03-20,80.85332489013672,92.97525024414062,83.86750793457031
2026-03-23,80.97119140625,93.26923370361328,84.41470336914062
2026-03-24,80.85332489013672,92.9556655883789,84.04339599609375
2026-03-25,80.94172668457031,93.44561767578125,84.85440826416016
2026-03-26,80.76490783691406,92.69107818603516,84.14109802246094
2026-03-27,80.9319076538086,92.70087432861328,83.68185424804688
2026-03-30,81.03994750976562,93.357421875,84.7957763671875
2026-03-31,81.10871124267578,93.52401733398438,84.70783233642578
2026-04-01,81.10576629638672,93.44242095947266,84.62445068359375
2026-04-02,81.14517211914062,93.6587142944336,85.1444091796875
2026-04-06,81.06634521484375,93.41291809082031,85.00704956054688
2026-04-07,81.12545776367188,93.64888000488281,84.99723815917969
2026-04-08,81.20428466796875,93.85535430908203,85.27193450927734
2026-04-09,81.22399139404297,93.82585906982422,85.05609893798828
2026-04-10,81.1944351196289,93.66854095458984,84.85008239746094
2026-04-13,81.25354766845703,93.8750228881836,85.10516357421875
2026-04-14,81.31265258789062,94.1798095703125,85.55643463134766
2026-04-15,81.29296112060547,93.97333526611328,85.18364715576172
2026-04-16,81.2634048461914,93.80619049072266,84.64407348632812
2026-04-17,81.42103576660156,94.31745147705078,85.41909790039062
2026-04-20,81.38162994384766,94.22895812988281,85.39947509765625
2026-04-21,81.2634048461914,93.8160171508789,84.92858123779297
2026-04-22,81.30280303955078,93.91433715820312,85.09535217285156
2026-04-23,81.2634048461914,93.76686096191406,84.9089584350586
2026-04-24,81.35206604003906,93.95366668701172,85.06592559814453
2026-04-27,81.33236694335938,93.73735809326172,84.64407348632812
2026-04-28,81.28309631347656,93.64888000488281,84.73236083984375
2026-04-29,81.17472839355469,93.20645141601562,84.07505798339844
2026-04-30,81.2634048461914,93.38343048095703,83.99658966064453
2026-05-01,81.2762451171875,93.4544448852539,84.29691314697266
2026-05-04,81.17742919921875,93.10919189453125,83.65687561035156
2026-05-05,81.21695709228516,93.24729919433594,84.11967468261719
2026-05-06,81.3256607055664,93.7109146118164,84.75970458984375
2026-05-07,81.2564926147461,93.42485046386719,84.33629608154297
2026-05-08,81.3256607055664,93.67145538330078,84.75970458984375
2026-05-11,81.2466049194336,93.35580444335938,84.24767303466797
2026-05-12,81.18732452392578,93.04014587402344,83.68641662597656
2026-05-13,81.21695709228516,93.04014587402344,83.49933624267578
2026-05-14,81.18732452392578,92.98095703125,83.61749267578125
2026-05-15,81.0885009765625,92.24114990234375,82.37681579589844
2026-05-18,81.12802124023438,92.20167541503906,82.27835083007812
2026-05-19,81.06873321533203,91.8465576171875,81.74663543701172
2026-05-20,81.17742919921875,92.468017578125,82.62298583984375
2026-05-21,81.16754913330078,92.52720642089844,82.92823028564453
2026-05-22,81.14779663085938,92.60611724853516,83.38117218017578
2026-05-26,81.23672485351562,93.00068664550781,83.79473114013672
2026-05-27,81.2466049194336,93.04014587402344,83.99166107177734
2026-05-28,81.2861328125,93.25715637207031,84.42491149902344
2026-05-29,81.3256607055664,93.36566925048828,84.44461059570312
2026-06-01,81.27908325195312,93.20433807373047,84.49008178710938
2026-06-02,81.27908325195312,93.27362060546875,84.66802215576172
2026-06-03,81.23944091796875,93.03607940673828,84.33191680908203
2026-06-04,81.29889678955078,93.15485382080078,84.51973724365234
2026-06-05,81.13041687011719,92.65998077392578,84.08477783203125
2026-06-08,81.17005920410156,92.56100463867188,83.64982604980469
2026-06-09,81.20970153808594,92.8183364868164,84.14409637451172
2026-06-10,81.20970153808594,92.72926330566406,83.90684509277344
2026-06-11,81.35836029052734,93.37259674072266,84.99423217773438
2026-06-12,81.33854675292969,93.21424102783203,84.7866439819336
2026-06-15,81.37818908691406,93.31321716308594,84.73722076416016
2026-06-16,81.39800262451172,93.55075073242188,85.20182800292969
2026-06-17,81.15023803710938,93.05587005615234,85.34022521972656
2026-06-18,81.2592544555664,93.39238739013672,85.75540924072266
2026-06-22,81.17997741699219,93.03607940673828,85.10297393798828
2026-06-23,81.23944091796875,93.15485382080078,85.21170806884766
2026-06-24,81.33854675292969,93.75859832763672,86.37818145751953
2026-06-25,81.35836029052734,93.81798553466797,86.34852600097656
2026-06-26,81.45747375488281,94.05551147460938,86.35841369628906
2026-06-29,81.43765258789062,94.08521270751953,86.44738006591797
2026-06-30,81.37818908691406,93.60023498535156,85.42918395996094
2026-07-01,81.34638214111328,93.37284088134766,84.85173034667969
2026-07-02,81.44578552246094,93.46221160888672,84.84181213378906
2026-07-06,81.48554229736328,93.52178955078125,84.78227996826172
2026-07-07,81.36626434326172,93.0451431274414,83.88932037353516
2026-07-08,81.34638214111328,92.85647583007812,83.7008056640625
2026-07-09,81.41596221923828,93.05506896972656,83.82978820800781
2026-07-10,81.38613891601562,92.97563171386719,83.80994415283203
2026-07-13,81.29668426513672,92.63801574707031,83.31385040283203
2026-07-14,81.43583679199219,92.89619445800781,83.4229965209961
2026-07-15,81.50541687011719,93.12458038330078,83.58174133300781
2026-07-16,81.50541687011719,93.06501007080078,83.55197143554688
2026-07-17,81.49547576904297,93.18415832519531,83.85955047607422
2026-07-20,81.46566009521484,92.88626861572266,83.2344741821289
2026-07-21,81.39608001708984,92.65786743164062,83.00627899169922
2026-07-22,81.3364486694336,92.44933319091797,82.78799438476562
2026-07-23,81.27680206298828,92.20108032226562,82.52009582519531
2026-07-24,81.3563232421875,92.37982177734375,82.59947204589844
2026-07-27,81.37620544433594,92.6280746459961,83.09556579589844
2026-07-28,81.44578552246094,92.90612030029297,83.58174133300781
2026-07-29,81.49547576904297,92.51885223388672,82.20259857177734
2026-07-30,81.5153579711914,92.5585708618164,82.15299224853516
2026-07-31,81.50541687011719,92.30038452148438,81.60728454589844
2026-08-03,81.52635192871094,92.48770904541016,81.87625885009766
2026-08-04,81.62606048583984,92.91617584228516,82.50385284423828
2026-08-05,81.65596771240234,92.9759521484375,82.68316650390625
2026-08-06,81.55626678466797,92.61724090576172,82.20499420166016
2026-08-07,81.6759033203125,92.83645629882812,82.44408416748047
2026-08-10,81.6160888671875,92.42793273925781,81.74674987792969
2026-08-11,81.62606048583984,92.53753662109375,81.87625885009766
2026-08-12,81.6759033203125,92.62721252441406,81.79656219482422
2026-08-13,81.78557586669922,92.96599578857422,82.27472686767578
2026-08-14,81.75566864013672,92.70692443847656,81.7268295288086
2026-08-17,81.75566864013672,92.50763702392578,81.03946685791016
2026-08-18,81.77560424804688,92.59732055664062,81.3482894897461
2026-08-19,81.81549072265625,93.04570770263672,82.70308685302734
2026-08-20,81.77560424804688,92.66706848144531,82.02568054199219
2026-08-21,81.75566864013672,92.48770904541016,81.7367935180664
2026-08-24,81.75566864013672,92.67703247070312,82.24484252929688
2026-08-25,81.83543395996094,93.17524719238281,83.15137481689453
2026-08-26,81.80552673339844,92.98592376708984,82.98202514648438
2026-08-27,81.7955551147461,92.89624786376953,82.81266784667969
2026-08-28,81.64599609375,92.5176010131836,82.5636215209961
2026-08-31,81.64599609375,92.40799713134766,82.20499420166016
2026-09-01,81.58999633789062,92.0999984741211,81.87000274658203
2026-09-02,81.63999938964844,92.18000030517578,81.94999694824219
2026-09-03,81.70999908447266,92.27999877929688,82.06999969482422
2026-09-04,81.69000244140625,92.25,82.20999908447266
2026-09-08,81.66000366210938,92.16000366210938,82.19999694824219
2026-09-09,81.62999725341797,91.9000015258789,81.7300033569336
2026-09-10,81.41999816894531,91.18000030517578,80.77999877929688
2026-09-11,81.37000274658203,91.01000213623047,80.87000274658203
2026-09-14,81.33999633789062,90.93000030517578,80.93000030517578
2026-09-15,81.30999755859375,90.81999969482422,80.70999908447266
2026-09-16,81.23999786376953,90.7300033569336,80.87999725341797
2026-09-17,81.36000061035156,91.25,81.77999877929688
2026-09-18,81.23999786376953,90.80000305175781,81.25
2026-09-21,81.29000091552734,91.1500015258789,81.80000305175781
2026-09-22,81.31999969482422,91.16000366210938,81.75
2026-09-23,81.12000274658203,90.19000244140625,80.45999908447266
2026-09-24,81.08999633789062,89.69000244140625,79.41999816894531
2026-09-25,81.20999908447266,90.0,79.31999969482422
